id,Data Quality,Usage
0,Fair,Private
1,Fair,Public
2,Fair,Public
3,Unknown,Private
4,Unknown,Private
5,Fair,Private
6,Fair,Private
7,Good,Public
8,Fair,Private
9,Unknown,Public
10,Fair,Private
11,Fair,Public
12,Fair,Public
13,Fair,Private
14,Fair,Private
15,Unknown,Private
16,Fair,Private
17,Fair,Private
18,Fair,Private
19,Unknown,Private
20,Fair,Private
21,Unknown,Private
22,Fair,Private
23,Fair,Private
24,Unknown,Private
25,Fair,Public
26,Fair,Private
27,Fair,Private
28,Fair,Private
29,Fair,Private
30,Fair,Private
31,Fair,Private
32,Unknown,Private
33,Fair,Public
34,Fair,Public
35,Fair,Public
36,Unknown,Private
37,Fair,Private
38,Fair,Private
39,Fair,Private
40,Fair,Private
41,Unknown,Private
42,Good,Private
43,Unknown,Public
44,Fair,Private
45,Fair,Private
46,Fair,Private
47,Fair,Private
48,Unknown,Private
49,Fair,Private
50,Fair,Public
51,Fair,Public
52,Unknown,Public
53,Fair,Public
54,Fair,Private
55,Fair,Public
56,Fair,Private
57,Unknown,Private
58,Fair,Private
59,Fair,Private
60,Unknown,Private
61,Fair,Private
62,Fair,Public
63,Unknown,Private
64,Good,Private
65,Fair,Private
66,Fair,Private
67,Fair,Public
68,Fair,Private
69,Fair,Public
70,Fair,Public
71,Fair,Private
72,Fair,Private
73,Fair,Public
74,Unknown,Public
75,Fair,Public
76,Fair,Public
77,Fair,Private
78,Fair,Private
79,Fair,Private
80,Unknown,Public
81,Fair,Private
82,Unknown,Private
83,Unknown,Private
84,Unknown,Private
85,Fair,Private
86,Fair,Public
87,Fair,Private
88,Fair,Public
89,Fair,Private
90,Fair,Private
91,Fair,Public
92,Fair,Public
93,Fair,Private
94,Fair,Public
95,Fair,Public
96,Fair,Public
97,Fair,Public
98,Fair,Public
99,Fair,Public
100,Fair,Public
101,Fair,Public
102,Unknown,Private
103,Fair,Private
104,Unknown,Public
105,Unknown,Private
106,Fair,Private
107,Fair,Public
108,Fair,Private
109,Fair,Private
110,Unknown,Private
111,Fair,Private
112,Fair,Public
113,Fair,Public
114,Unknown,Private
115,Unknown,Public
116,Fair,Public
117,Fair,Private
118,Fair,Public
119,Fair,Private
120,Fair,Public
121,Unknown,Public
122,Fair,Private
123,Fair,Private
124,Fair,Private
125,Fair,Private
126,Unknown,Public
127,Fair,Public
128,Fair,Private
129,Fair,Private
130,Fair,Private
131,Fair,Private
132,Fair,Private
133,Fair,Private
134,Fair,Public
135,Fair,Private
136,Fair,Private
137,Fair,Public
138,Fair,Private
139,Fair,Public
140,Unknown,Public
141,Fair,Private
142,Fair,Private
143,Fair,Private
144,Fair,Private
145,Fair,Private
146,Fair,Private
147,Fair,Private
148,Fair,Private
149,Unknown,Private
150,Fair,Public
151,Fair,Private
152,Fair,Private
153,Fair,Private
154,Fair,Public
155,Fair,Private
156,Unknown,Private
157,Fair,Public
158,Fair,Private
159,Fair,Public
160,Unknown,Private
161,Fair,Private
162,Fair,Private
163,Fair,Private
164,Fair,Private
165,Unknown,Public
166,Fair,Private
167,Fair,Private
168,Unknown,Private
169,Unknown,Private
170,Fair,Private
171,Unknown,Private
172,Unknown,Private
173,Fair,Private
174,Fair,Private
175,Fair,Private
176,Fair,Private
177,Fair,Private
178,Fair,Public
179,Fair,Private
180,Fair,Private
181,Fair,Private
182,Fair,Public
183,Fair,Public
184,Fair,Private
185,Fair,Private
186,Fair,Public
187,Fair,Private
188,Fair,Private
189,Fair,Private
190,Unknown,Private
191,Fair,Public
192,Fair,Public
193,Good,Private
194,Fair,Private
195,Fair,Private
196,Unknown,Public
197,Unknown,Public
198,Fair,Public
199,Fair,Public
200,Fair,Private
201,Fair,Private
202,Fair,Private
203,Fair,Public
204,Fair,Private
205,Fair,Private
206,Unknown,Private
207,Fair,Private
208,Fair,Private
209,Fair,Private
210,Fair,Private
211,Fair,Private
212,Fair,Private
213,Fair,Private
214,Fair,Public
215,Fair,Private
216,Unknown,Private
217,Fair,Public
218,Fair,Private
219,Unknown,Public
220,Unknown,Private
221,Fair,Private
222,Fair,Private
223,Fair,Private
224,Unknown,Private
225,Fair,Private
226,Fair,Public
227,Fair,Private
228,Fair,Public
229,Fair,Private
230,Fair,Public
231,Fair,Private
232,Fair,Private
233,Fair,Private
234,Fair,Private
235,Fair,Public
236,Fair,Private
237,Fair,Private
238,Fair,Private
239,Fair,Private
240,Unknown,Public
241,Fair,Public
242,Unknown,Public
243,Fair,Private
244,Fair,Private
245,Fair,Public
246,Fair,Private
247,Unknown,Public
248,Fair,Public
249,Unknown,Public
250,Fair,Private
251,Fair,Private
252,Fair,Public
253,Fair,Private
254,Fair,Private
255,Fair,Private
256,Fair,Public
257,Fair,Private
258,Fair,Private
259,Fair,Private
260,Unknown,Private
261,Unknown,Public
262,Fair,Private
263,Fair,Private
264,Fair,Public
265,Fair,Public
266,Fair,Private
267,Fair,Public
268,Fair,Private
269,Fair,Private
270,Fair,Public
271,Fair,Public
272,Fair,Public
273,Fair,Public
274,Fair,Private
275,Fair,Private
276,Fair,Public
277,Fair,Private
278,Unknown,Public
279,Fair,Public
280,Unknown,Public
281,Fair,Private
282,Fair,Public
283,Fair,Private
284,Good,Public
285,Fair,Private
286,Fair,Public
287,Fair,Private
288,Fair,Public
289,Fair,Private
290,Unknown,Private
291,Fair,Private
292,Unknown,Public
293,Fair,Public
294,Fair,Private
295,Fair,Private
296,Unknown,Public
297,Fair,Private
298,Fair,Private
299,Fair,Private
300,Fair,Private
301,Fair,Private
302,Fair,Private
303,Unknown,Private
304,Fair,Public
305,Fair,Public
306,Fair,Private
307,Unknown,Private
308,Fair,Public
309,Fair,Private
310,Unknown,Private
311,Fair,Private
312,Fair,Private
313,Fair,Public
314,Unknown,Public
315,Fair,Private
316,Unknown,Private
317,Fair,Private
318,Fair,Private
319,Fair,Private
320,Fair,Private
321,Fair,Public
322,Fair,Private
323,Unknown,Private
324,Fair,Public
325,Unknown,Public
326,Good,Private
327,Fair,Private
328,Fair,Private
329,Unknown,Private
330,Fair,Private
331,Fair,Public
332,Fair,Private
333,Fair,Private
334,Fair,Private
335,Fair,Private
336,Fair,Public
337,Unknown,Public
338,Fair,Private
339,Fair,Private
340,Unknown,Private
341,Fair,Private
342,Fair,Private
343,Unknown,Private
344,Unknown,Private
345,Unknown,Private
346,Fair,Private
347,Fair,Private
348,Fair,Private
349,Unknown,Private
350,Fair,Private
351,Fair,Public
352,Fair,Private
353,Fair,Private
354,Fair,Private
355,Fair,Private
356,Unknown,Private
357,Fair,Private
358,Fair,Public
359,Fair,Private
360,Fair,Private
361,Unknown,Private
362,Unknown,Private
363,Fair,Private
364,Fair,Public
365,Fair,Private
366,Fair,Public
367,Fair,Public
368,Unknown,Private
369,Fair,Private
370,Fair,Private
371,Fair,Private
372,Unknown,Private
373,Fair,Private
374,Unknown,Private
375,Unknown,Private
376,Fair,Public
377,Fair,Private
378,Fair,Public
379,Fair,Private
380,Fair,Private
381,Fair,Private
382,Fair,Private
383,Fair,Public
384,Unknown,Public
385,Fair,Public
386,Fair,Private
387,Fair,Private
388,Fair,Public
389,Fair,Public
390,Fair,Public
391,Fair,Private
392,Fair,Private
393,Fair,Public
394,Unknown,Private
395,Unknown,Public
396,Fair,Public
397,Fair,Private
398,Good,Public
399,Fair,Public
400,Fair,Private
401,Fair,Public
402,Unknown,Private
403,Fair,Public
404,Fair,Private
405,Fair,Public
406,Fair,Private
407,Fair,Private
408,Fair,Public
409,Fair,Private
410,Fair,Private
411,Good,Public
412,Fair,Public
413,Fair,Private
414,Fair,Private
415,Fair,Private
416,Fair,Private
417,Unknown,Private
418,Unknown,Private
419,Fair,Public
420,Fair,Public
421,Fair,Public
422,Fair,Private
423,Fair,Private
424,Unknown,Private
425,Fair,Private
426,Unknown,Private
427,Unknown,Public
428,Unknown,Private
429,Fair,Private
430,Unknown,Private
431,Fair,Public
432,Fair,Private
433,Fair,Private
434,Unknown,Private
435,Good,Public
436,Fair,Private
437,Fair,Public
438,Unknown,Public
439,Fair,Private
440,Fair,Private
441,Fair,Public
442,Fair,Private
443,Fair,Private
444,Fair,Public
445,Fair,Public
446,Fair,Public
447,Fair,Public
448,Fair,Private
449,Unknown,Private
450,Fair,Public
451,Fair,Private
452,Unknown,Private
453,Fair,Public
454,Good,Private
455,Fair,Private
456,Fair,Private
457,Fair,Private
458,Fair,Private
459,Unknown,Private
460,Fair,Private
461,Fair,Private
462,Fair,Public
463,Fair,Private
464,Fair,Public
465,Fair,Private
466,Fair,Private
467,Fair,Public
468,Unknown,Private
469,Fair,Public
470,Fair,Private
471,Unknown,Public
472,Fair,Private
473,Unknown,Public
474,Fair,Private
475,Unknown,Public
476,Unknown,Private
477,Fair,Private
478,Fair,Public
479,Unknown,Private
480,Unknown,Private
481,Fair,Private
482,Fair,Private
483,Fair,Private
484,Fair,Private
485,Fair,Public
486,Fair,Private
487,Fair,Private
488,Fair,Public
489,Fair,Public
490,Fair,Private
491,Fair,Private
492,Fair,Private
493,Fair,Private
494,Unknown,Private
495,Fair,Private
496,Fair,Private
497,Fair,Private
498,Fair,Public
499,Fair,Public
500,Unknown,Private
501,Fair,Private
502,Fair,Private
503,Fair,Public
504,Fair,Private
505,Fair,Private
506,Fair,Public
507,Unknown,Public
508,Fair,Public
509,Fair,Public
510,Unknown,Private
511,Unknown,Private
512,Fair,Public
513,Fair,Public
514,Unknown,Private
515,Fair,Private
516,Unknown,Private
517,Good,Public
518,Fair,Public
519,Fair,Private
520,Fair,Private
521,Fair,Private
522,Unknown,Public
523,Fair,Public
524,Unknown,Public
525,Fair,Private
526,Fair,Private
527,Fair,Private
528,Unknown,Private
529,Fair,Public
530,Fair,Public
531,Fair,Public
532,Fair,Public
533,Fair,Private
534,Fair,Public
535,Fair,Public
536,Fair,Public
537,Unknown,Private
538,Fair,Private
539,Unknown,Private
540,Fair,Public
541,Fair,Private
542,Fair,Private
543,Fair,Private
544,Fair,Private
545,Fair,Private
546,Fair,Private
547,Fair,Private
548,Fair,Private
549,Fair,Public
550,Fair,Private
551,Fair,Public
552,Unknown,Private
553,Unknown,Private
554,Unknown,Public
555,Fair,Private
556,Fair,Private
557,Fair,Private
558,Unknown,Public
559,Fair,Private
560,Unknown,Public
561,Fair,Private
562,Fair,Private
563,Fair,Private
564,Fair,Private
565,Unknown,Private
566,Fair,Private
567,Fair,Private
568,Pending review,Public
569,Fair,Private
570,Fair,Private
571,Fair,Public
572,Fair,Private
573,Fair,Private
574,Unknown,Public
575,Fair,Public
576,Fair,Private
577,Fair,Public
578,Fair,Private
579,Fair,Private
580,Fair,Private
581,Fair,Public
582,Fair,Private
583,Fair,Private
584,Fair,Private
585,Fair,Private
586,Unknown,Private
587,Fair,Private
588,Fair,Private
589,Fair,Private
590,Fair,Private
591,Fair,Private
592,Unknown,Private
593,Fair,Private
594,Fair,Public
595,Fair,Private
596,Fair,Private
597,Fair,Private
598,Fair,Private
599,Fair,Private
600,Unknown,Private
601,Unknown,Private
602,Fair,Private
603,Fair,Private
604,Fair,Private
605,Fair,Private
606,Fair,Private
607,Fair,Private
608,Fair,Private
609,Fair,Private
610,Fair,Private
611,Fair,Public
612,Fair,Private
613,Fair,Private
614,Good,Public
615,Fair,Public
616,Fair,Private
617,Fair,Private
618,Unknown,Public
619,Fair,Public
620,Fair,Private
621,Fair,Private
622,Unknown,Private
623,Unknown,Private
624,Fair,Private
625,Fair,Private
626,Fair,Private
627,Fair,Public
628,Unknown,Private
629,Unknown,Private
630,Fair,Public
631,Unknown,Public
632,Fair,Private
633,Fair,Private
634,Fair,Private
635,Unknown,Private
636,Fair,Private
637,Fair,Private
638,Fair,Private
639,Fair,Private
640,Unknown,Private
641,Fair,Private
642,Unknown,Private
643,Fair,Private
644,Fair,Private
645,Fair,Public
646,Fair,Private
647,Fair,Private
648,Unknown,Public
649,Fair,Private
650,Fair,Private
651,Fair,Private
652,Good,Private
653,Fair,Public
654,Unknown,Private
655,Fair,Private
656,Unknown,Private
657,Unknown,Private
658,Fair,Private
659,Fair,Private
660,Fair,Private
661,Fair,Public
662,Fair,Private
663,Fair,Private
664,Unknown,Private
665,Good,Private
666,Unknown,Private
667,Unknown,Private
668,Fair,Private
669,Fair,Private
670,Unknown,Private
671,Fair,Public
672,Good,Private
673,Fair,Private
674,Fair,Private
675,Fair,Public
676,Unknown,Private
677,Unknown,Private
678,Fair,Public
679,Fair,Public
680,Fair,Public
681,Fair,Private
682,Fair,Private
683,Fair,Private
684,Fair,Public
685,Fair,Private
686,Fair,Private
687,Fair,Private
688,Fair,Public
689,Fair,Private
690,Fair,Private
691,Fair,Private
692,Fair,Private
693,Fair,Private
694,Unknown,Private
695,Fair,Private
696,Fair,Private
697,Fair,Private
698,Unknown,Private
699,Unknown,Private
700,Fair,Private
701,Fair,Private
702,Unknown,Private
703,Fair,Private
704,Unknown,Private
705,Fair,Public
706,Fair,Private
707,Fair,Public
708,Fair,Private
709,Fair,Private
710,Unknown,Public
711,Unknown,Private
712,Fair,Private
713,Fair,Private
714,Fair,Private
715,Fair,Public
716,Fair,Public
717,Fair,Public
718,Fair,Private
719,Fair,Public
720,Good,Public
721,Fair,Private
722,Unknown,Private
723,Fair,Public
724,Good,Private
725,Unknown,Public
726,Fair,Private
727,Unknown,Public
728,Fair,Private
729,Fair,Private
730,Fair,Private
731,Fair,Public
732,Unknown,Private
733,Fair,Private
734,Fair,Private
735,Fair,Public
736,Unknown,Private
737,Fair,Public
738,Fair,Private
739,Fair,Private
740,Fair,Private
741,Unknown,Private
742,Unknown,Public
743,Fair,Private
744,Unknown,Private
745,Fair,Public
746,Fair,Private
747,Fair,Private
748,Fair,Public
749,Fair,Private
750,Fair,Private
751,Unknown,Public
752,Unknown,Private
753,Fair,Private
754,Unknown,Private
755,Unknown,Public
756,Unknown,Private
757,Unknown,Private
758,Good,Public
759,Unknown,Public
760,Fair,Private
761,Unknown,Private
762,Fair,Private
763,Fair,Public
764,Unknown,Private
765,Unknown,Private
766,Fair,Public
767,Fair,Public
768,Unknown,Private
769,Fair,Public
770,Fair,Private
771,Fair,Public
772,Fair,Private
773,Fair,Private
774,Unknown,Public
775,Unknown,Private
776,Fair,Private
777,Fair,Public
778,Fair,Public
779,Unknown,Private
780,Unknown,Private
781,Unknown,Private
782,Unknown,Private
783,Fair,Private
784,Fair,Private
785,Unknown,Public
786,Unknown,Private
787,Unknown,Private
788,Unknown,Private
789,Fair,Public
790,Fair,Private
791,Fair,Private
792,Fair,Private
793,Fair,Private
794,Unknown,Private
795,Unknown,Public
796,Fair,Public
797,Unknown,Private
798,Fair,Private
799,Fair,Public
800,Unknown,Public
801,Fair,Private
802,Unknown,Private
803,Fair,Private
804,Fair,Private
805,Fair,Public
806,Fair,Public
807,Unknown,Public
808,Fair,Private
809,Fair,Private
810,Fair,Public
811,Unknown,Public
812,Fair,Private
813,Unknown,Public
814,Fair,Public
815,Fair,Private
816,Fair,Private
817,Fair,Private
818,Unknown,Private
819,Fair,Private
820,Fair,Public
821,Fair,Private
822,Fair,Private
823,Fair,Private
824,Pending review,Private
825,Fair,Public
826,Fair,Private
827,Fair,Private
828,Fair,Public
829,Fair,Private
830,Fair,Private
831,Fair,Private
832,Fair,Private
833,Fair,Private
834,Fair,Private
835,Fair,Private
836,Unknown,Public
837,Unknown,Private
838,Fair,Private
839,Fair,Private
840,Fair,Private
841,Fair,Private
842,Unknown,Private
843,Unknown,Public
844,Fair,Private
845,Fair,Private
846,Fair,Private
847,Unknown,Public
848,Fair,Private
849,Unknown,Private
850,Fair,Private
851,Fair,Public
852,Fair,Private
853,Unknown,Public
854,Fair,Private
855,Fair,Private
856,Fair,Private
857,Fair,Private
858,Fair,Private
859,Unknown,Private
860,Fair,Public
861,Unknown,Private
862,Fair,Private
863,Fair,Private
864,Fair,Private
865,Fair,Private
866,Unknown,Private
867,Unknown,Private
868,Fair,Public
869,Fair,Public
870,Unknown,Private
871,Fair,Private
872,Fair,Private
873,Unknown,Private
874,Fair,Private
875,Fair,Private
876,Fair,Public
877,Fair,Private
878,Unknown,Private
879,Fair,Private
880,Unknown,Private
881,Unknown,Private
882,Fair,Private
883,Unknown,Private
884,Unknown,Public
885,Fair,Private
886,Unknown,Private
887,Fair,Private
888,Fair,Private
889,Fair,Private
890,Fair,Public
891,Fair,Public
892,Fair,Public
893,Fair,Private
894,Unknown,Private
895,Fair,Private
896,Fair,Private
897,Fair,Public
898,Fair,Private
899,Fair,Private
900,Fair,Private
901,Fair,Private
902,Fair,Private
903,Fair,Private
904,Fair,Private
905,Unknown,Public
906,Unknown,Public
907,Fair,Private
908,Fair,Private
909,Fair,Private
910,Fair,Private
911,Fair,Private
912,Fair,Private
913,Fair,Private
914,Fair,Private
915,Unknown,Private
916,Fair,Private
917,Fair,Public
918,Fair,Public
919,Fair,Private
920,Unknown,Public
921,Unknown,Private
922,Fair,Public
923,Unknown,Public
924,Fair,Private
925,Fair,Private
926,Fair,Private
927,Fair,Private
928,Fair,Private
929,Fair,Private
930,Fair,Private
931,Fair,Public
932,Unknown,Public
933,Unknown,Private
934,Fair,Private
935,Fair,Private
936,Fair,Private
937,Fair,Public
938,Fair,Private
939,Unknown,Private
940,Fair,Private
941,Fair,Private
942,Fair,Private
943,Fair,Public
944,Fair,Private
945,Fair,Private
946,Fair,Private
947,Fair,Public
948,Fair,Public
949,Unknown,Private
950,Fair,Private
951,Fair,Private
952,Fair,Private
953,Fair,Public
954,Fair,Private
955,Fair,Private
956,Fair,Private
957,Unknown,Private
958,Fair,Private
959,Fair,Public
960,Unknown,Private
961,Fair,Private
962,Fair,Private
963,Fair,Private
964,Unknown,Private
965,Unknown,Private
966,Fair,Public
967,Fair,Private
968,Fair,Private
969,Fair,Private
970,Fair,Private
971,Unknown,Public
972,Unknown,Public
973,Unknown,Private
974,Fair,Private
975,Fair,Private
976,Fair,Private
977,Fair,Private
978,Fair,Private
979,Fair,Private
980,Fair,Private
981,Fair,Public
982,Good,Private
983,Fair,Private
984,Fair,Public
985,Fair,Private
986,Unknown,Private
987,Fair,Private
988,Unknown,Private
989,Unknown,Public
990,Fair,Public
991,Fair,Private
992,Unknown,Private
993,Fair,Private
994,Fair,Private
995,Unknown,Private
996,Fair,Public
997,Fair,Private
998,Fair,Public
999,Fair,Private
1000,Fair,Private
1001,Fair,Private
1002,Fair,Public
1003,Fair,Public
1004,Fair,Public
1005,Fair,Private
1006,Unknown,Private
1007,Fair,Public
1008,Fair,Private
1009,Fair,Private
1010,Unknown,Private
1011,Fair,Public
1012,Fair,Public
1013,Unknown,Private
1014,Unknown,Public
1015,Fair,Public
1016,Fair,Private
1017,Unknown,Private
1018,Fair,Public
1019,Fair,Private
1020,Fair,Private
1021,Unknown,Private
1022,Fair,Public
1023,Unknown,Public
1024,Fair,Public
1025,Unknown,Private
1026,Fair,Public
1027,Fair,Public
1028,Fair,Private
1029,Unknown,Public
1030,Fair,Private
1031,Fair,Private
1032,Unknown,Private
1033,Fair,Private
1034,Fair,Private
1035,Fair,Private
1036,Unknown,Private
1037,Fair,Public
1038,Unknown,Private
1039,Fair,Private
1040,Fair,Private
1041,Fair,Public
1042,Fair,Private
1043,Fair,Private
1044,Fair,Public
1045,Fair,Private
1046,Fair,Private
1047,Fair,Private
1048,Fair,Public
1049,Fair,Private
1050,Fair,Public
1051,Fair,Private
1052,Fair,Public
1053,Fair,Public
1054,Fair,Public
1055,Fair,Private
1056,Fair,Public
1057,Fair,Private
1058,Good,Private
1059,Good,Private
1060,Unknown,Public
1061,Fair,Public
1062,Unknown,Public
1063,Fair,Private
1064,Fair,Private
1065,Fair,Public
1066,Fair,Private
1067,Fair,Private
1068,Fair,Private
1069,Fair,Private
1070,Fair,Private
1071,Fair,Private
1072,Fair,Private
1073,Fair,Private
1074,Fair,Public
1075,Fair,Private
1076,Unknown,Private
1077,Fair,Private
1078,Fair,Private
1079,Fair,Public
1080,Fair,Public
1081,Unknown,Private
1082,Unknown,Private
1083,Good,Public
1084,Unknown,Public
1085,Fair,Private
1086,Unknown,Private
1087,Unknown,Private
1088,Fair,Public
1089,Fair,Private
1090,Fair,Public
1091,Fair,Private
1092,Unknown,Private
1093,Fair,Private
1094,Fair,Private
1095,Fair,Private
1096,Fair,Private
1097,Fair,Private
1098,Fair,Public
1099,Fair,Private
1100,Fair,Private
1101,Fair,Public
1102,Unknown,Public
1103,Fair,Public
1104,Fair,Public
1105,Unknown,Private
1106,Unknown,Private
1107,Fair,Public
1108,Fair,Private
1109,Unknown,Private
1110,Fair,Public
1111,Fair,Private
1112,Fair,Private
1113,Fair,Private
1114,Unknown,Private
1115,Unknown,Private
1116,Fair,Private
1117,Fair,Public
1118,Fair,Private
1119,Fair,Private
1120,Fair,Public
1121,Fair,Public
1122,Fair,Public
1123,Fair,Public
1124,Fair,Private
1125,Fair,Private
1126,Fair,Private
1127,Unknown,Private
1128,Fair,Private
1129,Fair,Private
1130,Unknown,Public
1131,Fair,Private
1132,Unknown,Private
1133,Fair,Private
1134,Unknown,Private
1135,Fair,Private
1136,Fair,Public
1137,Fair,Private
1138,Fair,Private
1139,Unknown,Private
1140,Fair,Public
1141,Fair,Private
1142,Unknown,Private
1143,Fair,Private
1144,Fair,Private
1145,Unknown,Public
1146,Fair,Public
1147,Unknown,Private
1148,Fair,Public
1149,Fair,Public
1150,Fair,Public
1151,Unknown,Public
1152,Fair,Private
1153,Fair,Private
1154,Unknown,Private
1155,Unknown,Public
1156,Fair,Private
1157,Fair,Public
1158,Fair,Public
1159,Fair,Private
1160,Fair,Public
1161,Unknown,Private
1162,Fair,Private
1163,Fair,Public
1164,Unknown,Private
1165,Fair,Public
1166,Unknown,Public
1167,Fair,Private
1168,Fair,Private
1169,Fair,Private
1170,Fair,Private
1171,Fair,Public
1172,Fair,Private
1173,Fair,Private
1174,Fair,Private
1175,Fair,Private
1176,Good,Public
1177,Fair,Private
1178,Unknown,Public
1179,Unknown,Private
1180,Unknown,Public
1181,Fair,Private
1182,Fair,Private
1183,Fair,Public
1184,Fair,Private
1185,Fair,Public
1186,Fair,Private
1187,Fair,Private
1188,Fair,Private
1189,Fair,Public
1190,Fair,Private
1191,Fair,Private
1192,Fair,Private
1193,Fair,Private
1194,Unknown,Private
1195,Fair,Public
1196,Unknown,Public
1197,Fair,Public
1198,Fair,Public
1199,Fair,Private
1200,Fair,Public
1201,Unknown,Private
1202,Fair,Private
1203,Unknown,Private
1204,Fair,Private
1205,Fair,Public
1206,Unknown,Private
1207,Unknown,Private
1208,Fair,Private
1209,Fair,Public
1210,Fair,Private
1211,Fair,Private
1212,Unknown,Private
1213,Good,Public
1214,Fair,Private
1215,Unknown,Private
1216,Fair,Private
1217,Fair,Private
1218,Fair,Private
1219,Unknown,Private
1220,Fair,Public
1221,Fair,Private
1222,Fair,Private
1223,Fair,Public
1224,Fair,Private
1225,Unknown,Private
1226,Unknown,Private
1227,Fair,Private
1228,Fair,Public
1229,Fair,Private
1230,Unknown,Public
1231,Fair,Private
1232,Fair,Private
1233,Fair,Private
1234,Fair,Private
1235,Fair,Private
1236,Fair,Public
1237,Unknown,Private
1238,Fair,Public
1239,Fair,Private
1240,Unknown,Public
1241,Pending review,Public
1242,Unknown,Public
1243,Fair,Public
1244,Fair,Public
1245,Fair,Private
1246,Unknown,Private
1247,Unknown,Private
1248,Fair,Public
1249,Fair,Private
1250,Unknown,Public
1251,Fair,Private
1252,Fair,Private
1253,Fair,Private
1254,Fair,Private
1255,Unknown,Private
1256,Fair,Private
1257,Fair,Private
1258,Fair,Private
1259,Fair,Private
1260,Fair,Private
1261,Fair,Public
1262,Unknown,Private
1263,Unknown,Private
1264,Fair,Private
1265,Unknown,Private
1266,Fair,Private
1267,Fair,Private
1268,Unknown,Private
1269,Fair,Private
1270,Fair,Private
1271,Unknown,Public
1272,Fair,Public
1273,Fair,Private
1274,Fair,Private
1275,Fair,Private
1276,Fair,Private
1277,Unknown,Public
1278,Unknown,Private
1279,Fair,Private
1280,Fair,Private
1281,Fair,Public
1282,Fair,Private
1283,Fair,Private
1284,Fair,Private
1285,Fair,Private
1286,Unknown,Private
1287,Fair,Private
1288,Fair,Private
1289,Unknown,Private
1290,Fair,Private
1291,Fair,Private
1292,Fair,Private
1293,Fair,Private
1294,Fair,Public
1295,Fair,Private
1296,Fair,Private
1297,Fair,Private
1298,Fair,Private
1299,Fair,Public
1300,Unknown,Private
1301,Fair,Public
1302,Fair,Private
1303,Fair,Private
1304,Fair,Public
1305,Unknown,Public
1306,Fair,Public
1307,Unknown,Public
1308,Fair,Private
1309,Fair,Public
1310,Fair,Private
1311,Fair,Public
1312,Fair,Private
1313,Fair,Public
1314,Fair,Private
1315,Fair,Private
1316,Fair,Private
1317,Fair,Public
1318,Fair,Private
1319,Fair,Private
1320,Fair,Private
1321,Fair,Private
1322,Unknown,Public
1323,Fair,Private
1324,Fair,Public
1325,Fair,Private
1326,Fair,Private
1327,Fair,Public
1328,Unknown,Private
1329,Unknown,Private
1330,Fair,Private
1331,Unknown,Public
1332,Unknown,Private
1333,Fair,Public
1334,Fair,Public
1335,Fair,Private
1336,Fair,Private
1337,Fair,Private
1338,Fair,Private
1339,Fair,Private
1340,Fair,Private
1341,Fair,Private
1342,Fair,Public
1343,Unknown,Public
1344,Unknown,Public
1345,Fair,Private
1346,Fair,Private
1347,Fair,Private
1348,Fair,Public
1349,Fair,Private
1350,Fair,Public
1351,Fair,Private
1352,Unknown,Private
1353,Fair,Public
1354,Fair,Private
1355,Fair,Public
1356,Fair,Public
1357,Fair,Private
1358,Fair,Private
1359,Fair,Private
1360,Fair,Public
1361,Fair,Private
1362,Fair,Private
1363,Fair,Private
1364,Fair,Public
1365,Fair,Private
1366,Unknown,Public
1367,Fair,Public
1368,Fair,Private
1369,Unknown,Private
1370,Fair,Public
1371,Unknown,Private
1372,Fair,Public
1373,Fair,Private
1374,Fair,Private
1375,Fair,Public
1376,Fair,Private
1377,Fair,Private
1378,Fair,Private
1379,Fair,Private
1380,Fair,Private
1381,Fair,Private
1382,Fair,Public
1383,Fair,Private
1384,Fair,Private
1385,Fair,Private
1386,Fair,Public
1387,Fair,Private
1388,Fair,Public
1389,Fair,Private
1390,Fair,Private
1391,Fair,Private
1392,Fair,Private
1393,Fair,Private
1394,Fair,Private
1395,Fair,Public
1396,Fair,Private
1397,Fair,Private
1398,Unknown,Private
1399,Good,Public
1400,Fair,Private
1401,Fair,Private
1402,Fair,Private
1403,Fair,Public
1404,Unknown,Private
1405,Fair,Private
1406,Fair,Public
1407,Fair,Public
1408,Fair,Private
1409,Fair,Public
1410,Fair,Private
1411,Unknown,Private
1412,Fair,Private
1413,Unknown,Private
1414,Unknown,Private
1415,Unknown,Public
1416,Unknown,Private
1417,Fair,Private
1418,Fair,Private
1419,Fair,Public
1420,Fair,Private
1421,Fair,Private
1422,Fair,Private
1423,Unknown,Private
1424,Fair,Public
1425,Fair,Public
1426,Fair,Private
1427,Unknown,Public
1428,Fair,Private
1429,Fair,Public
1430,Fair,Private
1431,Fair,Private
1432,Fair,Private
1433,Unknown,Private
1434,Fair,Private
1435,Unknown,Private
1436,Fair,Private
1437,Fair,Public
1438,Fair,Private
1439,Fair,Private
1440,Fair,Public
1441,Fair,Private
1442,Unknown,Private
1443,Fair,Private
1444,Good,Public
1445,Fair,Private
1446,Fair,Private
1447,Unknown,Public
1448,Fair,Public
1449,Fair,Private
1450,Fair,Private
1451,Unknown,Private
1452,Fair,Public
1453,Fair,Private
1454,Fair,Private
1455,Fair,Public
1456,Fair,Private
1457,Fair,Private
1458,Fair,Private
1459,Fair,Private
1460,Unknown,Private
1461,Fair,Private
1462,Good,Private
1463,Fair,Private
1464,Fair,Public
1465,Fair,Private
1466,Fair,Public
1467,Fair,Private
1468,Fair,Public
1469,Fair,Public
1470,Fair,Private
1471,Unknown,Public
1472,Fair,Public
1473,Fair,Private
1474,Unknown,Private
1475,Unknown,Private
1476,Fair,Public
1477,Fair,Public
1478,Unknown,Public
1479,Fair,Private
1480,Fair,Public
1481,Fair,Private
1482,Fair,Private
1483,Fair,Private
1484,Fair,Private
1485,Fair,Private
1486,Fair,Private
1487,Unknown,Private
1488,Fair,Private
1489,Fair,Private
1490,Fair,Private
1491,Fair,Private
1492,Fair,Private
1493,Unknown,Private
1494,Fair,Private
1495,Unknown,Private
1496,Unknown,Private
1497,Fair,Private
1498,Fair,Private
1499,Unknown,Public
1500,Fair,Private
1501,Fair,Private
1502,Fair,Private
1503,Unknown,Private
1504,Fair,Private
1505,Fair,Private
1506,Fair,Private
1507,Fair,Private
1508,Unknown,Private
1509,Unknown,Public
1510,Fair,Public
1511,Fair,Public
1512,Fair,Public
1513,Unknown,Private
1514,Unknown,Private
1515,Fair,Private
1516,Fair,Private
1517,Unknown,Public
1518,Fair,Private
1519,Fair,Public
1520,Fair,Private
1521,Fair,Public
1522,Fair,Private
1523,Fair,Private
1524,Fair,Private
1525,Fair,Private
1526,Fair,Private
1527,Fair,Private
1528,Fair,Public
1529,Unknown,Private
1530,Fair,Private
1531,Fair,Private
1532,Fair,Public
1533,Unknown,Private
1534,Fair,Private
1535,Fair,Private
1536,Fair,Private
1537,Fair,Private
1538,Fair,Private
1539,Fair,Private
1540,Unknown,Public
1541,Fair,Private
1542,Fair,Private
1543,Fair,Private
1544,Fair,Public
1545,Fair,Private
1546,Fair,Public
1547,Fair,Private
1548,Fair,Private
1549,Unknown,Private
1550,Fair,Public
1551,Fair,Private
1552,Unknown,Public
1553,Fair,Public
1554,Fair,Private
1555,Fair,Private
1556,Fair,Private
1557,Fair,Private
1558,Unknown,Public
1559,Fair,Public
1560,Unknown,Private
1561,Fair,Private
1562,Unknown,Public
1563,Fair,Private
1564,Fair,Public
1565,Fair,Private
1566,Unknown,Private
1567,Fair,Private
1568,Fair,Private
1569,Unknown,Private
1570,Unknown,Private
1571,Unknown,Private
1572,Fair,Public
1573,Fair,Public
1574,Fair,Private
1575,Fair,Private
1576,Fair,Private
1577,Fair,Private
1578,Fair,Private
1579,Fair,Private
1580,Fair,Private
1581,Fair,Private
1582,Fair,Private
1583,Fair,Private
1584,Unknown,Public
1585,Fair,Private
1586,Unknown,Private
1587,Fair,Private
1588,Fair,Private
1589,Fair,Public
1590,Fair,Private
1591,Unknown,Public
1592,Fair,Private
1593,Fair,Private
1594,Unknown,Public
1595,Unknown,Private
1596,Fair,Private
1597,Fair,Private
1598,Unknown,Private
1599,Fair,Public
1600,Fair,Private
1601,Fair,Private
1602,Unknown,Private
1603,Fair,Private
1604,Fair,Private
1605,Fair,Private
1606,Fair,Private
1607,Fair,Public
1608,Fair,Private
1609,Fair,Private
1610,Fair,Public
1611,Fair,Private
1612,Unknown,Private
1613,Unknown,Private
1614,Fair,Private
1615,Unknown,Private
1616,Fair,Public
1617,Fair,Private
1618,Fair,Private
1619,Unknown,Public
1620,Fair,Private
1621,Fair,Private
1622,Fair,Private
1623,Unknown,Public
1624,Fair,Private
1625,Fair,Private
1626,Fair,Private
1627,Fair,Private
1628,Fair,Private
1629,Fair,Private
1630,Fair,Public
1631,Fair,Private
1632,Unknown,Private
1633,Fair,Public
1634,Fair,Public
1635,Fair,Private
1636,Fair,Private
1637,Fair,Private
1638,Unknown,Public
1639,Fair,Public
1640,Fair,Private
1641,Unknown,Public
1642,Fair,Private
1643,Fair,Private
1644,Fair,Private
1645,Unknown,Public
1646,Fair,Private
1647,Fair,Public
1648,Fair,Public
1649,Fair,Public
1650,Fair,Private
1651,Fair,Private
1652,Fair,Private
1653,Fair,Private
1654,Fair,Private
1655,Fair,Public
1656,Fair,Private
1657,Fair,Private
1658,Fair,Private
1659,Fair,Private
1660,Unknown,Private
1661,Fair,Private
1662,Fair,Public
1663,Fair,Private
1664,Unknown,Public
1665,Fair,Public
1666,Good,Private
1667,Unknown,Public
1668,Fair,Private
1669,Fair,Public
1670,Fair,Private
1671,Fair,Public
1672,Unknown,Public
1673,Fair,Public
1674,Fair,Public
1675,Fair,Private
1676,Unknown,Private
1677,Unknown,Private
1678,Fair,Private
1679,Unknown,Private
1680,Fair,Private
1681,Fair,Public
1682,Fair,Private
1683,Fair,Public
1684,Good,Private
1685,Fair,Public
1686,Unknown,Public
1687,Unknown,Private
1688,Fair,Private
1689,Fair,Public
1690,Fair,Private
1691,Fair,Private
1692,Fair,Private
1693,Fair,Private
1694,Unknown,Private
1695,Fair,Private
1696,Fair,Private
1697,Fair,Private
1698,Fair,Public
1699,Fair,Private
1700,Fair,Public
1701,Fair,Private
1702,Fair,Private
1703,Unknown,Private
1704,Fair,Private
1705,Fair,Private
1706,Fair,Private
1707,Fair,Private
1708,Unknown,Private
1709,Fair,Private
1710,Fair,Private
1711,Fair,Private
1712,Fair,Public
1713,Unknown,Private
1714,Unknown,Private
1715,Fair,Public
1716,Unknown,Private
1717,Fair,Private
1718,Fair,Public
1719,Fair,Private
1720,Good,Private
1721,Fair,Private
1722,Unknown,Private
1723,Fair,Private
1724,Unknown,Private
1725,Fair,Private
1726,Fair,Private
1727,Fair,Public
1728,Fair,Public
1729,Fair,Private
1730,Unknown,Private
1731,Fair,Private
1732,Unknown,Private
1733,Unknown,Private
1734,Fair,Private
1735,Fair,Public
1736,Unknown,Private
1737,Fair,Private
1738,Fair,Private
1739,Fair,Private
1740,Fair,Public
1741,Unknown,Public
1742,Unknown,Public
1743,Unknown,Private
1744,Unknown,Private
1745,Fair,Private
1746,Good,Private
1747,Fair,Private
1748,Fair,Public
1749,Fair,Private
1750,Fair,Private
1751,Unknown,Private
1752,Good,Private
1753,Unknown,Private
1754,Fair,Public
1755,Fair,Public
1756,Fair,Public
1757,Fair,Private
1758,Fair,Private
1759,Fair,Private
1760,Fair,Private
1761,Unknown,Public
1762,Fair,Private
1763,Fair,Private
1764,Fair,Private
1765,Unknown,Private
1766,Fair,Public
1767,Fair,Private
1768,Fair,Private
1769,Fair,Private
1770,Unknown,Private
1771,Good,Public
1772,Fair,Public
1773,Fair,Public
1774,Fair,Public
1775,Fair,Private
1776,Unknown,Private
1777,Fair,Private
1778,Unknown,Private
1779,Fair,Public
1780,Unknown,Private
1781,Fair,Public
1782,Unknown,Private
1783,Unknown,Private
1784,Fair,Private
1785,Unknown,Public
1786,Fair,Private
1787,Fair,Private
1788,Fair,Private
1789,Fair,Private
1790,Unknown,Private
1791,Fair,Public
1792,Fair,Private
1793,Fair,Private
1794,Fair,Private
1795,Fair,Private
1796,Unknown,Public
1797,Fair,Private
1798,Fair,Private
1799,Fair,Private
1800,Fair,Public
1801,Fair,Public
1802,Fair,Private
1803,Fair,Private
1804,Unknown,Private
1805,Fair,Public
1806,Fair,Private
1807,Unknown,Private
1808,Fair,Private
1809,Fair,Private
1810,Fair,Private
1811,Fair,Public
1812,Fair,Private
1813,Fair,Private
1814,Fair,Private
1815,Fair,Public
1816,Fair,Private
1817,Fair,Public
1818,Unknown,Private
1819,Fair,Private
1820,Fair,Private
1821,Fair,Private
1822,Fair,Private
1823,Unknown,Public
1824,Fair,Private
1825,Fair,Private
1826,Fair,Private
1827,Unknown,Public
1828,Unknown,Public
1829,Fair,Private
1830,Fair,Public
1831,Unknown,Private
1832,Fair,Private
1833,Fair,Public
1834,Unknown,Public
1835,Good,Private
1836,Fair,Private
1837,Fair,Private
1838,Fair,Public
1839,Fair,Private
1840,Fair,Private
1841,Unknown,Private
1842,Fair,Private
1843,Fair,Private
1844,Fair,Public
1845,Fair,Private
1846,Fair,Private
1847,Fair,Private
1848,Fair,Public
1849,Fair,Private
1850,Fair,Private
1851,Unknown,Public
1852,Unknown,Public
1853,Fair,Public
1854,Fair,Public
1855,Fair,Private
1856,Fair,Public
1857,Fair,Private
1858,Unknown,Public
1859,Fair,Public
1860,Fair,Public
1861,Fair,Private
1862,Fair,Private
1863,Fair,Private
1864,Fair,Public
1865,Fair,Public
1866,Unknown,Private
1867,Fair,Private
1868,Fair,Private
1869,Fair,Public
1870,Fair,Public
1871,Fair,Private
1872,Fair,Private
1873,Fair,Public
1874,Fair,Public
1875,Fair,Private
1876,Fair,Private
1877,Unknown,Private
1878,Fair,Private
1879,Unknown,Private
1880,Fair,Private
1881,Unknown,Public
1882,Fair,Private
1883,Unknown,Public
1884,Fair,Private
1885,Fair,Private
1886,Unknown,Private
1887,Fair,Private
1888,Unknown,Public
1889,Unknown,Public
1890,Unknown,Private
1891,Fair,Private
1892,Unknown,Public
1893,Fair,Private
1894,Fair,Private
1895,Fair,Public
1896,Fair,Private
1897,Fair,Public
1898,Fair,Private
1899,Fair,Public
1900,Fair,Private
1901,Fair,Private
1902,Fair,Public
1903,Fair,Private
1904,Fair,Public
1905,Fair,Private
1906,Unknown,Public
1907,Fair,Private
1908,Fair,Public
1909,Unknown,Private
1910,Unknown,Private
1911,Fair,Public
1912,Unknown,Public
1913,Fair,Private
1914,Unknown,Private
1915,Fair,Public
1916,Fair,Public
1917,Fair,Private
1918,Fair,Public
1919,Fair,Private
1920,Fair,Private
1921,Unknown,Private
1922,Unknown,Private
1923,Fair,Private
1924,Unknown,Public
1925,Fair,Private
1926,Fair,Private
1927,Fair,Private
1928,Unknown,Private
1929,Fair,Private
1930,Fair,Private
1931,Fair,Private
1932,Fair,Private
1933,Fair,Private
1934,Fair,Private
1935,Fair,Public
1936,Fair,Private
1937,Fair,Public
1938,Fair,Private
1939,Fair,Private
1940,Fair,Private
1941,Fair,Private
1942,Unknown,Public
1943,Unknown,Public
1944,Fair,Public
1945,Fair,Private
1946,Fair,Private
1947,Fair,Private
1948,Fair,Private
1949,Unknown,Private
1950,Unknown,Private
1951,Fair,Private
1952,Fair,Private
1953,Fair,Public
1954,Fair,Public
1955,Fair,Public
1956,Fair,Private
1957,Fair,Private
1958,Fair,Private
1959,Fair,Public
1960,Fair,Private
1961,Fair,Private
1962,Fair,Public
1963,Fair,Private
1964,Fair,Private
1965,Fair,Private
1966,Fair,Private
1967,Unknown,Private
1968,Fair,Private
1969,Unknown,Private
1970,Fair,Private
1971,Fair,Public
1972,Fair,Private
1973,Fair,Private
1974,Unknown,Private
1975,Fair,Public
1976,Fair,Private
1977,Unknown,Private
1978,Fair,Public
1979,Fair,Public
1980,Fair,Private
1981,Unknown,Public
1982,Fair,Private
1983,Fair,Private
1984,Fair,Private
1985,Fair,Private
1986,Unknown,Public
1987,Fair,Private
1988,Fair,Private
1989,Fair,Public
1990,Fair,Public
1991,Fair,Private
1992,Fair,Private
1993,Unknown,Private
1994,Fair,Public
1995,Fair,Private
1996,Unknown,Public
1997,Fair,Private
1998,Good,Private
1999,Fair,Private
2000,Fair,Private
2001,Unknown,Private
2002,Fair,Public
2003,Fair,Private
2004,Fair,Private
2005,Fair,Public
2006,Fair,Private
2007,Unknown,Public
2008,Fair,Private
2009,Fair,Private
2010,Fair,Private
2011,Fair,Private
2012,Unknown,Public
2013,Fair,Private
2014,Unknown,Private
2015,Fair,Private
2016,Unknown,Private
2017,Fair,Public
2018,Fair,Private
2019,Fair,Private
2020,Fair,Public
2021,Fair,Private
2022,Fair,Public
2023,Fair,Private
2024,Fair,Private
2025,Fair,Private
2026,Fair,Public
2027,Unknown,Public
2028,Fair,Private
2029,Unknown,Private
2030,Fair,Private
2031,Fair,Private
2032,Fair,Private
2033,Fair,Public
2034,Fair,Private
2035,Fair,Private
2036,Fair,Private
2037,Unknown,Private
2038,Fair,Private
2039,Fair,Private
2040,Fair,Public
2041,Unknown,Private
2042,Unknown,Private
2043,Fair,Private
2044,Fair,Public
2045,Fair,Public
2046,Fair,Private
2047,Fair,Public
2048,Fair,Private
2049,Fair,Private
2050,Unknown,Private
2051,Fair,Private
2052,Fair,Private
2053,Unknown,Public
2054,Fair,Public
2055,Fair,Private
2056,Unknown,Private
2057,Fair,Private
2058,Fair,Private
2059,Fair,Private
2060,Fair,Private
2061,Fair,Private
2062,Unknown,Public
2063,Fair,Private
2064,Fair,Private
2065,Fair,Public
2066,Fair,Private
2067,Fair,Private
2068,Unknown,Private
2069,Fair,Private
2070,Fair,Public
2071,Fair,Private
2072,Fair,Private
2073,Fair,Public
2074,Fair,Public
2075,Fair,Public
2076,Fair,Private
2077,Fair,Private
2078,Unknown,Public
2079,Fair,Public
2080,Unknown,Private
2081,Fair,Private
2082,Good,Private
2083,Fair,Public
2084,Fair,Private
2085,Fair,Private
2086,Unknown,Private
2087,Fair,Private
2088,Fair,Public
2089,Unknown,Private
2090,Good,Public
2091,Unknown,Public
2092,Fair,Private
2093,Fair,Private
2094,Fair,Private
2095,Fair,Public
2096,Fair,Private
2097,Fair,Private
2098,Fair,Public
2099,Unknown,Private
2100,Fair,Public
2101,Fair,Private
2102,Fair,Private
2103,Unknown,Private
2104,Fair,Public
2105,Fair,Private
2106,Fair,Public
2107,Unknown,Public
2108,Fair,Private
2109,Fair,Public
2110,Unknown,Private
2111,Fair,Private
2112,Fair,Private
2113,Fair,Public
2114,Fair,Private
2115,Fair,Private
2116,Fair,Private
2117,Fair,Private
2118,Fair,Private
2119,Fair,Public
2120,Fair,Public
2121,Fair,Private
2122,Fair,Public
2123,Fair,Private
2124,Fair,Public
2125,Unknown,Private
2126,Fair,Private
2127,Fair,Private
2128,Unknown,Public
2129,Fair,Private
2130,Fair,Private
2131,Unknown,Private
2132,Fair,Private
2133,Unknown,Private
2134,Fair,Public
2135,Fair,Public
2136,Fair,Private
2137,Fair,Public
2138,Fair,Private
2139,Fair,Public
2140,Fair,Public
2141,Fair,Private
2142,Fair,Public
2143,Fair,Private
2144,Fair,Private
2145,Unknown,Public
2146,Fair,Private
2147,Fair,Private
2148,Fair,Private
2149,Fair,Public
2150,Fair,Private
2151,Fair,Private
2152,Fair,Public
2153,Unknown,Public
2154,Fair,Private
2155,Fair,Private
2156,Fair,Private
2157,Fair,Private
2158,Unknown,Private
2159,Fair,Public
2160,Fair,Private
2161,Unknown,Private
2162,Unknown,Private
2163,Unknown,Public
2164,Fair,Private
2165,Fair,Public
2166,Fair,Private
2167,Unknown,Private
2168,Fair,Private
2169,Fair,Private
2170,Fair,Private
2171,Fair,Private
2172,Fair,Private
2173,Unknown,Public
2174,Fair,Private
2175,Unknown,Public
2176,Fair,Private
2177,Fair,Private
2178,Unknown,Private
2179,Fair,Private
2180,Fair,Private
2181,Unknown,Private
2182,Unknown,Private
2183,Fair,Private
2184,Fair,Private
2185,Fair,Public
2186,Fair,Public
2187,Fair,Public
2188,Unknown,Public
2189,Fair,Private
2190,Fair,Private
2191,Fair,Public
2192,Unknown,Private
2193,Fair,Private
2194,Fair,Private
2195,Fair,Private
2196,Fair,Private
2197,Unknown,Public
2198,Fair,Private
2199,Fair,Private
2200,Fair,Public
2201,Fair,Private
2202,Unknown,Private
2203,Fair,Private
2204,Fair,Public
2205,Fair,Public
2206,Fair,Private
2207,Fair,Public
2208,Fair,Private
2209,Fair,Public
2210,Fair,Public
2211,Fair,Public
2212,Fair,Private
2213,Unknown,Public
2214,Fair,Public
2215,Fair,Private
2216,Fair,Public
2217,Fair,Private
2218,Fair,Public
2219,Fair,Private
2220,Unknown,Public
2221,Fair,Private
2222,Fair,Private
2223,Fair,Private
2224,Fair,Private
2225,Fair,Private
2226,Fair,Private
2227,Unknown,Private
2228,Unknown,Private
2229,Fair,Private
2230,Unknown,Public
2231,Fair,Private
2232,Unknown,Public
2233,Unknown,Public
2234,Fair,Private
2235,Fair,Private
2236,Fair,Public
2237,Fair,Private
2238,Fair,Private
2239,Fair,Private
2240,Fair,Public
2241,Unknown,Private
2242,Fair,Private
2243,Unknown,Public
2244,Fair,Public
2245,Fair,Private
2246,Unknown,Private
2247,Unknown,Public
2248,Unknown,Private
2249,Fair,Private
2250,Fair,Private
2251,Fair,Public
2252,Unknown,Private
2253,Fair,Public
2254,Fair,Public
2255,Fair,Private
2256,Fair,Private
2257,Fair,Private
2258,Fair,Private
2259,Unknown,Private
2260,Fair,Public
2261,Fair,Private
2262,Fair,Public
2263,Fair,Private
2264,Unknown,Private
2265,Fair,Private
2266,Fair,Private
2267,Unknown,Public
2268,Fair,Private
2269,Unknown,Private
2270,Fair,Private
2271,Fair,Private
2272,Fair,Private
2273,Fair,Private
2274,Unknown,Public
2275,Fair,Private
2276,Fair,Public
2277,Fair,Private
2278,Unknown,Private
2279,Fair,Private
2280,Fair,Private
2281,Fair,Private
2282,Unknown,Private
2283,Fair,Private
2284,Unknown,Private
2285,Fair,Private
2286,Fair,Public
2287,Unknown,Private
2288,Fair,Private
2289,Fair,Private
2290,Unknown,Private
2291,Fair,Private
2292,Fair,Private
2293,Fair,Private
2294,Fair,Private
2295,Unknown,Private
2296,Unknown,Private
2297,Fair,Private
2298,Fair,Private
2299,Fair,Private
2300,Fair,Public
2301,Fair,Private
2302,Unknown,Private
2303,Fair,Private
2304,Fair,Public
2305,Fair,Private
2306,Fair,Private
2307,Unknown,Private
2308,Fair,Private
2309,Fair,Private
2310,Unknown,Private
2311,Unknown,Public
2312,Fair,Private
2313,Fair,Public
2314,Fair,Public
2315,Fair,Private
2316,Unknown,Private
2317,Fair,Private
2318,Unknown,Private
2319,Unknown,Private
2320,Unknown,Public
2321,Fair,Public
2322,Fair,Private
2323,Fair,Private
2324,Pending review,Public
2325,Fair,Public
2326,Fair,Public
2327,Fair,Private
2328,Fair,Private
2329,Fair,Private
2330,Fair,Private
2331,Fair,Private
2332,Fair,Private
2333,Fair,Private
2334,Fair,Private
2335,Fair,Private
2336,Fair,Private
2337,Fair,Private
2338,Fair,Private
2339,Unknown,Private
2340,Unknown,Public
2341,Fair,Private
2342,Fair,Private
2343,Fair,Private
2344,Fair,Public
2345,Fair,Private
2346,Fair,Private
2347,Fair,Private
2348,Unknown,Private
2349,Fair,Private
2350,Fair,Private
2351,Unknown,Public
2352,Fair,Private
2353,Fair,Public
2354,Fair,Public
2355,Fair,Private
2356,Fair,Public
2357,Unknown,Private
2358,Unknown,Private
2359,Fair,Private
2360,Fair,Private
2361,Unknown,Private
2362,Fair,Private
2363,Fair,Private
2364,Fair,Private
2365,Fair,Private
2366,Fair,Private
2367,Fair,Private
2368,Fair,Private
2369,Fair,Public
2370,Fair,Private
2371,Good,Public
2372,Fair,Private
2373,Fair,Private
2374,Fair,Private
2375,Unknown,Private
2376,Fair,Private
2377,Fair,Public
2378,Fair,Private
2379,Unknown,Public
2380,Fair,Public
2381,Fair,Public
2382,Fair,Public
2383,Fair,Private
2384,Unknown,Private
2385,Good,Private
2386,Fair,Private
2387,Unknown,Private
2388,Fair,Public
2389,Fair,Private
2390,Unknown,Private
2391,Fair,Private
2392,Fair,Private
2393,Unknown,Private
2394,Fair,Public
2395,Fair,Private
2396,Fair,Private
2397,Fair,Private
2398,Unknown,Private
2399,Fair,Private
2400,Unknown,Private
2401,Unknown,Private
2402,Fair,Private
2403,Fair,Private
2404,Unknown,Private
2405,Unknown,Private
2406,Fair,Private
2407,Fair,Private
2408,Fair,Public
2409,Fair,Private
2410,Unknown,Private
2411,Unknown,Private
2412,Unknown,Private
2413,Fair,Private
2414,Fair,Private
2415,Unknown,Public
2416,Unknown,Private
2417,Fair,Private
2418,Fair,Private
2419,Fair,Private
2420,Fair,Private
2421,Unknown,Private
2422,Unknown,Public
2423,Fair,Private
2424,Fair,Private
2425,Fair,Public
2426,Fair,Private
2427,Fair,Public
2428,Fair,Private
2429,Fair,Public
2430,Fair,Private
2431,Fair,Public
2432,Unknown,Public
2433,Fair,Private
2434,Fair,Public
2435,Fair,Private
2436,Unknown,Private
2437,Fair,Private
2438,Fair,Private
2439,Fair,Private
2440,Fair,Private
2441,Fair,Private
2442,Fair,Public
2443,Fair,Public
2444,Unknown,Private
2445,Fair,Private
2446,Unknown,Private
2447,Fair,Private
2448,Fair,Private
2449,Fair,Private
2450,Fair,Private
2451,Fair,Public
2452,Fair,Private
2453,Fair,Private
2454,Fair,Private
2455,Fair,Private
2456,Unknown,Private
2457,Fair,Private
2458,Fair,Private
2459,Unknown,Private
2460,Fair,Public
2461,Unknown,Public
2462,Unknown,Private
2463,Fair,Private
2464,Fair,Private
2465,Unknown,Private
2466,Fair,Private
2467,Unknown,Private
2468,Fair,Private
2469,Unknown,Private
2470,Fair,Private
2471,Unknown,Public
2472,Fair,Public
2473,Fair,Public
2474,Fair,Private
2475,Unknown,Public
2476,Fair,Private
2477,Fair,Public
2478,Fair,Private
2479,Unknown,Public
2480,Unknown,Private
2481,Unknown,Public
2482,Fair,Public
2483,Fair,Private
2484,Fair,Private
2485,Fair,Public
2486,Unknown,Private
2487,Fair,Public
2488,Fair,Private
2489,Unknown,Private
2490,Fair,Private
2491,Fair,Private
2492,Fair,Public
2493,Fair,Private
2494,Good,Private
2495,Fair,Private
2496,Fair,Private
2497,Fair,Public
2498,Unknown,Public
2499,Fair,Private
2500,Fair,Public
2501,Fair,Public
2502,Fair,Private
2503,Unknown,Public
2504,Unknown,Private
2505,Fair,Private
2506,Unknown,Public
2507,Fair,Private
2508,Fair,Public
2509,Fair,Public
2510,Fair,Private
2511,Fair,Public
2512,Fair,Private
2513,Fair,Private
2514,Fair,Private
2515,Fair,Public
2516,Unknown,Private
2517,Fair,Private
2518,Fair,Private
2519,Fair,Public
2520,Fair,Private
2521,Fair,Private
2522,Unknown,Private
2523,Unknown,Private
2524,Fair,Public
2525,Unknown,Private
2526,Fair,Private
2527,Fair,Public
2528,Fair,Private
2529,Unknown,Public
2530,Unknown,Private
2531,Fair,Public
2532,Fair,Private
2533,Unknown,Private
2534,Fair,Public
2535,Good,Public
2536,Unknown,Public
2537,Fair,Private
2538,Fair,Public
2539,Unknown,Public
2540,Fair,Private
2541,Fair,Public
2542,Fair,Public
2543,Fair,Private
2544,Fair,Private
2545,Unknown,Private
2546,Fair,Private
2547,Fair,Private
2548,Unknown,Private
2549,Fair,Private
2550,Fair,Private
2551,Fair,Private
2552,Fair,Public
2553,Fair,Public
2554,Unknown,Private
2555,Unknown,Public
2556,Unknown,Private
2557,Fair,Private
2558,Unknown,Private
2559,Fair,Private
2560,Fair,Public
2561,Unknown,Public
2562,Fair,Private
2563,Unknown,Private
2564,Fair,Private
2565,Unknown,Private
2566,Fair,Private
2567,Unknown,Private
2568,Unknown,Public
2569,Fair,Public
2570,Fair,Private
2571,Fair,Public
2572,Fair,Private
2573,Unknown,Private
2574,Fair,Private
2575,Fair,Private
2576,Fair,Public
2577,Fair,Private
2578,Fair,Private
2579,Fair,Private
2580,Unknown,Private
2581,Unknown,Public
2582,Unknown,Private
2583,Unknown,Private
2584,Fair,Private
2585,Fair,Private
2586,Fair,Private
2587,Unknown,Private
2588,Fair,Private
2589,Unknown,Public
2590,Unknown,Public
2591,Fair,Public
2592,Fair,Private
2593,Fair,Private
2594,Fair,Private
2595,Fair,Public
2596,Unknown,Private
2597,Fair,Private
2598,Fair,Private
2599,Unknown,Private
2600,Fair,Private
2601,Fair,Private
2602,Fair,Public
2603,Fair,Private
2604,Fair,Private
2605,Fair,Private
2606,Unknown,Private
2607,Unknown,Private
2608,Fair,Public
2609,Unknown,Private
2610,Fair,Public
2611,Fair,Private
2612,Unknown,Private
2613,Fair,Public
2614,Good,Private
2615,Unknown,Private
2616,Fair,Private
2617,Unknown,Private
2618,Unknown,Public
2619,Unknown,Private
2620,Unknown,Public
2621,Unknown,Public
2622,Fair,Private
2623,Fair,Public
2624,Fair,Private
2625,Fair,Public
2626,Fair,Private
2627,Fair,Private
2628,Fair,Private
2629,Unknown,Private
2630,Fair,Private
2631,Fair,Public
2632,Unknown,Private
2633,Fair,Private
2634,Fair,Public
2635,Unknown,Private
2636,Fair,Public
2637,Fair,Public
2638,Unknown,Public
2639,Fair,Public
2640,Fair,Private
2641,Fair,Private
2642,Fair,Public
2643,Fair,Private
2644,Fair,Private
2645,Fair,Private
2646,Fair,Public
2647,Fair,Private
2648,Fair,Private
2649,Fair,Private
2650,Fair,Private
2651,Unknown,Private
2652,Fair,Private
2653,Fair,Private
2654,Fair,Public
2655,Good,Private
2656,Unknown,Public
2657,Fair,Public
2658,Fair,Private
2659,Unknown,Private
2660,Unknown,Private
2661,Fair,Public
2662,Unknown,Public
2663,Fair,Private
2664,Unknown,Private
2665,Fair,Private
2666,Fair,Private
2667,Unknown,Private
2668,Fair,Public
2669,Good,Private
2670,Fair,Private
2671,Fair,Private
2672,Fair,Public
2673,Fair,Private
2674,Fair,Public
2675,Fair,Private
2676,Fair,Public
2677,Good,Public
2678,Fair,Private
2679,Unknown,Private
2680,Good,Private
2681,Unknown,Public
2682,Fair,Private
2683,Fair,Private
2684,Fair,Private
2685,Fair,Private
2686,Fair,Private
2687,Fair,Private
2688,Unknown,Private
2689,Fair,Private
2690,Fair,Private
2691,Fair,Private
2692,Fair,Private
2693,Fair,Private
2694,Fair,Public
2695,Fair,Private
2696,Fair,Private
2697,Fair,Private
2698,Fair,Public
2699,Fair,Public
2700,Unknown,Private
2701,Unknown,Public
2702,Fair,Private
2703,Fair,Private
2704,Unknown,Public
2705,Unknown,Public
2706,Fair,Private
2707,Fair,Private
2708,Unknown,Private
2709,Fair,Private
2710,Unknown,Public
2711,Unknown,Private
2712,Fair,Private
2713,Fair,Private
2714,Fair,Private
2715,Fair,Private
2716,Unknown,Private
2717,Unknown,Public
2718,Fair,Public
2719,Fair,Private
2720,Fair,Public
2721,Fair,Public
2722,Fair,Public
2723,Fair,Private
2724,Unknown,Private
2725,Fair,Private
2726,Unknown,Private
2727,Fair,Private
2728,Fair,Private
2729,Fair,Private
2730,Fair,Public
2731,Fair,Private
2732,Unknown,Private
2733,Unknown,Public
2734,Unknown,Public
2735,Unknown,Public
2736,Unknown,Public
2737,Unknown,Private
2738,Unknown,Public
2739,Fair,Private
2740,Unknown,Private
2741,Good,Private
2742,Fair,Private
2743,Fair,Private
2744,Unknown,Private
2745,Fair,Public
2746,Fair,Private
2747,Fair,Private
2748,Unknown,Public
2749,Fair,Private
2750,Unknown,Private
2751,Unknown,Private
2752,Unknown,Private
2753,Fair,Private
2754,Unknown,Public
2755,Fair,Private
2756,Fair,Private
2757,Fair,Public
2758,Fair,Public
2759,Fair,Private
2760,Fair,Private
2761,Fair,Private
2762,Fair,Private
2763,Fair,Private
2764,Fair,Private
2765,Unknown,Public
2766,Unknown,Private
2767,Fair,Private
2768,Fair,Private
2769,Unknown,Private
2770,Fair,Private
2771,Unknown,Private
2772,Fair,Public
2773,Fair,Private
2774,Unknown,Private
2775,Unknown,Private
2776,Unknown,Private
2777,Unknown,Private
2778,Unknown,Private
2779,Unknown,Private
2780,Unknown,Private
2781,Fair,Public
2782,Fair,Public
2783,Fair,Public
2784,Fair,Public
2785,Fair,Private
2786,Unknown,Public
2787,Unknown,Private
2788,Unknown,Public
2789,Fair,Public
2790,Fair,Public
2791,Fair,Public
2792,Fair,Private
2793,Unknown,Private
2794,Fair,Private
2795,Unknown,Private
2796,Pending review,Private
2797,Fair,Private
2798,Fair,Public
2799,Fair,Private
2800,Unknown,Public
2801,Fair,Public
2802,Fair,Public
2803,Fair,Public
2804,Fair,Private
2805,Unknown,Public
2806,Unknown,Public
2807,Fair,Private
2808,Unknown,Private
2809,Fair,Public
2810,Fair,Private
2811,Fair,Private
2812,Fair,Private
2813,Fair,Private
2814,Fair,Private
2815,Fair,Public
2816,Fair,Private
2817,Fair,Private
2818,Fair,Private
2819,Fair,Private
2820,Fair,Public
2821,Unknown,Private
2822,Fair,Private
2823,Unknown,Private
2824,Unknown,Private
2825,Fair,Public
2826,Fair,Public
2827,Fair,Private
2828,Fair,Private
2829,Unknown,Private
2830,Fair,Private
2831,Fair,Private
2832,Fair,Private
2833,Unknown,Private
2834,Fair,Private
2835,Fair,Public
2836,Fair,Public
2837,Fair,Private
2838,Fair,Public
2839,Fair,Private
2840,Unknown,Private
2841,Fair,Public
2842,Unknown,Public
2843,Unknown,Public
2844,Fair,Private
2845,Fair,Private
2846,Fair,Public
2847,Fair,Private
2848,Good,Private
2849,Unknown,Private
2850,Fair,Private
2851,Fair,Private
2852,Fair,Private
2853,Fair,Public
2854,Fair,Private
2855,Fair,Private
2856,Fair,Private
2857,Fair,Private
2858,Fair,Private
2859,Fair,Private
2860,Unknown,Public
2861,Fair,Private
2862,Fair,Public
2863,Unknown,Private
2864,Fair,Private
2865,Fair,Private
2866,Unknown,Private
2867,Unknown,Public
2868,Fair,Private
2869,Fair,Private
2870,Fair,Public
2871,Fair,Public
2872,Fair,Public
2873,Fair,Private
2874,Fair,Public
2875,Fair,Private
2876,Fair,Private
2877,Fair,Private
2878,Fair,Private
2879,Fair,Private
2880,Fair,Private
2881,Unknown,Public
2882,Unknown,Private
2883,Fair,Private
2884,Unknown,Private
2885,Fair,Public
2886,Fair,Private
2887,Good,Private
2888,Fair,Public
2889,Fair,Public
2890,Unknown,Private
2891,Good,Private
2892,Unknown,Public
2893,Unknown,Private
2894,Fair,Private
2895,Fair,Public
2896,Fair,Private
2897,Fair,Private
2898,Fair,Private
2899,Fair,Private
2900,Fair,Private
2901,Fair,Public
2902,Unknown,Private
2903,Fair,Private
2904,Fair,Private
2905,Fair,Private
2906,Unknown,Public
2907,Unknown,Private
2908,Fair,Private
2909,Unknown,Private
2910,Fair,Private
2911,Fair,Private
2912,Fair,Public
2913,Unknown,Public
2914,Fair,Private
2915,Unknown,Private
2916,Fair,Public
2917,Good,Public
2918,Fair,Private
2919,Fair,Private
2920,Fair,Private
2921,Unknown,Public
2922,Unknown,Public
2923,Fair,Private
2924,Fair,Private
2925,Unknown,Public
2926,Fair,Public
2927,Unknown,Public
2928,Fair,Public
2929,Unknown,Private
2930,Fair,Private
2931,Unknown,Private
2932,Unknown,Private
2933,Unknown,Private
2934,Good,Public
2935,Unknown,Private
2936,Fair,Public
2937,Fair,Private
2938,Unknown,Public
2939,Fair,Private
2940,Fair,Private
2941,Unknown,Private
2942,Fair,Private
2943,Fair,Public
2944,Fair,Public
2945,Fair,Private
2946,Fair,Private
2947,Fair,Private
2948,Fair,Private
2949,Unknown,Public
2950,Good,Public
2951,Fair,Private
2952,Fair,Public
2953,Unknown,Private
2954,Fair,Public
2955,Fair,Private
2956,Fair,Public
2957,Unknown,Public
2958,Unknown,Private
2959,Fair,Public
2960,Fair,Private
2961,Fair,Private
2962,Unknown,Private
2963,Unknown,Public
2964,Fair,Public
2965,Fair,Public
2966,Fair,Public
2967,Fair,Private
2968,Fair,Public
2969,Fair,Private
2970,Fair,Private
2971,Fair,Private
2972,Fair,Public
2973,Unknown,Public
2974,Fair,Private
2975,Fair,Private
2976,Fair,Public
2977,Fair,Private
2978,Fair,Public
2979,Fair,Public
2980,Fair,Private
2981,Fair,Private
2982,Fair,Public
2983,Fair,Public
2984,Fair,Private
2985,Fair,Public
2986,Fair,Private
2987,Fair,Private
2988,Fair,Public
2989,Fair,Public
2990,Fair,Private
2991,Fair,Public
2992,Fair,Private
2993,Unknown,Private
2994,Fair,Private
2995,Fair,Public
2996,Fair,Private
2997,Fair,Private
2998,Unknown,Private
2999,Fair,Public
3000,Unknown,Private
3001,Fair,Public
3002,Fair,Private
3003,Fair,Private
3004,Fair,Private
3005,Unknown,Public
3006,Fair,Public
3007,Unknown,Private
3008,Unknown,Private
3009,Fair,Private
3010,Fair,Private
3011,Fair,Private
3012,Fair,Private
3013,Unknown,Private
3014,Unknown,Private
3015,Unknown,Private
3016,Fair,Public
3017,Fair,Private
3018,Unknown,Private
3019,Unknown,Public
3020,Fair,Private
3021,Fair,Private
3022,Unknown,Private
3023,Unknown,Private
3024,Fair,Private
3025,Unknown,Private
3026,Fair,Public
3027,Unknown,Private
3028,Fair,Private
3029,Fair,Private
3030,Fair,Private
3031,Fair,Private
3032,Fair,Public
3033,Fair,Private
3034,Unknown,Private
3035,Unknown,Private
3036,Fair,Private
3037,Fair,Public
3038,Fair,Private
3039,Fair,Private
3040,Unknown,Private
3041,Good,Public
3042,Good,Private
3043,Fair,Private
3044,Fair,Public
3045,Unknown,Public
3046,Unknown,Private
3047,Unknown,Private
3048,Fair,Private
3049,Unknown,Private
3050,Fair,Private
3051,Fair,Private
3052,Fair,Private
3053,Fair,Private
3054,Unknown,Private
3055,Fair,Public
3056,Unknown,Private
3057,Fair,Private
3058,Unknown,Private
3059,Fair,Public
3060,Fair,Private
3061,Fair,Private
3062,Fair,Private
3063,Fair,Private
3064,Fair,Private
3065,Fair,Private
3066,Fair,Private
3067,Fair,Public
3068,Unknown,Private
3069,Fair,Private
3070,Unknown,Public
3071,Unknown,Private
3072,Unknown,Private
3073,Fair,Private
3074,Fair,Private
3075,Fair,Public
3076,Unknown,Public
3077,Unknown,Private
3078,Fair,Private
3079,Unknown,Public
3080,Fair,Public
3081,Unknown,Public
3082,Fair,Private
3083,Fair,Private
3084,Fair,Public
3085,Fair,Private
3086,Fair,Private
3087,Fair,Private
3088,Unknown,Private
3089,Fair,Private
3090,Fair,Private
3091,Fair,Public
3092,Unknown,Private
3093,Fair,Public
3094,Unknown,Private
3095,Fair,Private
3096,Fair,Public
3097,Fair,Private
3098,Unknown,Private
3099,Fair,Private
3100,Fair,Private
3101,Unknown,Public
3102,Fair,Public
3103,Unknown,Private
3104,Fair,Private
3105,Unknown,Private
3106,Fair,Public
3107,Fair,Private
3108,Unknown,Private
3109,Fair,Private
3110,Fair,Private
3111,Fair,Private
3112,Unknown,Public
3113,Fair,Private
3114,Unknown,Private
3115,Unknown,Public
3116,Fair,Public
3117,Fair,Private
3118,Unknown,Private
3119,Fair,Private
3120,Fair,Private
3121,Unknown,Private
3122,Fair,Private
3123,Fair,Private
3124,Unknown,Public
3125,Fair,Private
3126,Fair,Private
3127,Fair,Private
3128,Fair,Public
3129,Unknown,Public
3130,Fair,Public
3131,Fair,Public
3132,Fair,Public
3133,Fair,Private
3134,Fair,Private
3135,Fair,Private
3136,Fair,Public
3137,Fair,Public
3138,Fair,Private
3139,Unknown,Private
3140,Fair,Private
3141,Good,Public
3142,Fair,Private
3143,Fair,Private
3144,Unknown,Private
3145,Unknown,Private
3146,Fair,Public
3147,Unknown,Private
3148,Fair,Public
3149,Fair,Private
3150,Fair,Private
3151,Fair,Private
3152,Fair,Public
3153,Unknown,Private
3154,Fair,Private
3155,Fair,Private
3156,Fair,Public
3157,Fair,Private
3158,Fair,Public
3159,Fair,Private
3160,Unknown,Private
3161,Fair,Private
3162,Unknown,Private
3163,Unknown,Private
3164,Unknown,Private
3165,Fair,Private
3166,Fair,Public
3167,Unknown,Private
3168,Fair,Public
3169,Fair,Private
3170,Fair,Private
3171,Fair,Private
3172,Unknown,Private
3173,Fair,Private
3174,Fair,Private
3175,Unknown,Private
3176,Unknown,Private
3177,Fair,Public
3178,Unknown,Public
3179,Fair,Private
3180,Fair,Private
3181,Fair,Private
3182,Unknown,Private
3183,Fair,Private
3184,Unknown,Private
3185,Unknown,Private
3186,Fair,Private
3187,Unknown,Private
3188,Fair,Public
3189,Unknown,Public
3190,Fair,Private
3191,Good,Public
3192,Fair,Public
3193,Fair,Private
3194,Fair,Private
3195,Fair,Private
3196,Fair,Public
3197,Fair,Public
3198,Unknown,Private
3199,Good,Private
3200,Unknown,Private
3201,Fair,Private
3202,Fair,Private
3203,Fair,Public
3204,Unknown,Private
3205,Fair,Public
3206,Fair,Public
3207,Fair,Public
3208,Fair,Private
3209,Fair,Private
3210,Unknown,Private
3211,Unknown,Private
3212,Unknown,Private
3213,Fair,Private
3214,Fair,Private
3215,Fair,Private
3216,Fair,Private
3217,Fair,Private
3218,Fair,Public
3219,Fair,Public
3220,Fair,Private
3221,Unknown,Private
3222,Fair,Private
3223,Fair,Private
3224,Fair,Private
3225,Unknown,Public
3226,Unknown,Private
3227,Unknown,Private
3228,Fair,Private
3229,Unknown,Private
3230,Fair,Private
3231,Fair,Private
3232,Fair,Private
3233,Fair,Private
3234,Unknown,Private
3235,Fair,Private
3236,Fair,Private
3237,Fair,Public
3238,Fair,Private
3239,Fair,Private
3240,Unknown,Private
3241,Fair,Private
3242,Fair,Private
3243,Unknown,Private
3244,Fair,Public
3245,Fair,Private
3246,Unknown,Private
3247,Unknown,Private
3248,Fair,Public
3249,Unknown,Private
3250,Fair,Private
3251,Fair,Private
3252,Unknown,Private
3253,Fair,Private
3254,Unknown,Private
3255,Fair,Private
3256,Unknown,Private
3257,Fair,Private
3258,Unknown,Private
3259,Good,Public
3260,Fair,Private
3261,Fair,Private
3262,Unknown,Private
3263,Unknown,Private
3264,Fair,Public
3265,Unknown,Private
3266,Fair,Private
3267,Unknown,Private
3268,Unknown,Private
3269,Unknown,Private
3270,Fair,Private
3271,Fair,Private
3272,Unknown,Public
3273,Fair,Private
3274,Fair,Public
3275,Fair,Public
3276,Unknown,Public
3277,Fair,Private
3278,Fair,Private
3279,Fair,Public
3280,Fair,Private
3281,Fair,Private
3282,Fair,Public
3283,Fair,Public
3284,Unknown,Private
3285,Unknown,Private
3286,Good,Private
3287,Fair,Public
3288,Fair,Public
3289,Unknown,Private
3290,Fair,Private
3291,Fair,Public
3292,Fair,Private
3293,Fair,Private
3294,Fair,Public
3295,Fair,Private
3296,Fair,Private
3297,Unknown,Private
3298,Fair,Private
3299,Fair,Public
3300,Unknown,Private
3301,Unknown,Public
3302,Fair,Private
3303,Fair,Private
3304,Unknown,Private
3305,Unknown,Private
3306,Unknown,Private
3307,Unknown,Private
3308,Fair,Private
3309,Fair,Private
3310,Unknown,Public
3311,Fair,Private
3312,Fair,Public
3313,Fair,Private
3314,Fair,Private
3315,Fair,Private
3316,Unknown,Private
3317,Fair,Private
3318,Fair,Public
3319,Unknown,Public
3320,Unknown,Private
3321,Fair,Private
3322,Unknown,Public
3323,Fair,Private
3324,Unknown,Public
3325,Fair,Public
3326,Fair,Public
3327,Fair,Private
3328,Fair,Private
3329,Fair,Private
3330,Fair,Private
3331,Fair,Public
3332,Good,Private
3333,Unknown,Private
3334,Fair,Public
3335,Unknown,Public
3336,Fair,Public
3337,Fair,Public
3338,Fair,Private
3339,Unknown,Private
3340,Fair,Public
3341,Fair,Private
3342,Fair,Private
3343,Fair,Private
3344,Fair,Private
3345,Unknown,Public
3346,Fair,Private
3347,Fair,Private
3348,Fair,Private
3349,Fair,Private
3350,Fair,Private
3351,Unknown,Private
3352,Fair,Public
3353,Fair,Private
3354,Fair,Private
3355,Fair,Private
3356,Fair,Private
3357,Fair,Private
3358,Fair,Public
3359,Fair,Private
3360,Fair,Public
3361,Fair,Private
3362,Fair,Private
3363,Unknown,Private
3364,Fair,Public
3365,Fair,Private
3366,Fair,Private
3367,Fair,Private
3368,Fair,Private
3369,Unknown,Private
3370,Unknown,Private
3371,Fair,Private
3372,Unknown,Private
3373,Fair,Private
3374,Fair,Public
3375,Fair,Public
3376,Fair,Public
3377,Unknown,Private
3378,Fair,Private
3379,Fair,Private
3380,Fair,Private
3381,Fair,Private
3382,Fair,Private
3383,Fair,Private
3384,Unknown,Private
3385,Fair,Public
3386,Fair,Private
3387,Fair,Private
3388,Fair,Private
3389,Fair,Private
3390,Fair,Private
3391,Unknown,Public
3392,Fair,Public
3393,Fair,Private
3394,Fair,Public
3395,Fair,Public
3396,Fair,Public
3397,Unknown,Public
3398,Fair,Private
3399,Fair,Private
3400,Fair,Private
3401,Unknown,Private
3402,Fair,Public
3403,Fair,Private
3404,Fair,Public
3405,Fair,Public
3406,Unknown,Public
3407,Fair,Public
3408,Fair,Private
3409,Fair,Private
3410,Unknown,Private
3411,Fair,Private
3412,Fair,Private
3413,Fair,Private
3414,Unknown,Public
3415,Fair,Private
3416,Fair,Private
3417,Fair,Private
3418,Fair,Private
3419,Fair,Private
3420,Unknown,Public
3421,Fair,Private
3422,Fair,Public
3423,Fair,Private
3424,Fair,Public
3425,Fair,Private
3426,Fair,Private
3427,Fair,Private
3428,Unknown,Public
3429,Fair,Private
3430,Fair,Private
3431,Unknown,Public
3432,Unknown,Public
3433,Fair,Private
3434,Fair,Public
3435,Fair,Private
3436,Fair,Private
3437,Fair,Private
3438,Fair,Public
3439,Fair,Public
3440,Fair,Private
3441,Unknown,Private
3442,Fair,Private
3443,Fair,Public
3444,Fair,Public
3445,Fair,Private
3446,Fair,Public
3447,Unknown,Public
3448,Unknown,Private
3449,Fair,Private
3450,Fair,Private
3451,Fair,Private
3452,Fair,Private
3453,Fair,Private
3454,Fair,Public
3455,Fair,Private
3456,Unknown,Private
3457,Fair,Private
3458,Fair,Private
3459,Fair,Private
3460,Unknown,Private
3461,Fair,Private
3462,Fair,Private
3463,Fair,Private
3464,Unknown,Private
3465,Fair,Public
3466,Unknown,Private
3467,Fair,Private
3468,Fair,Public
3469,Unknown,Private
3470,Fair,Private
3471,Unknown,Public
3472,Fair,Private
3473,Fair,Private
3474,Unknown,Public
3475,Fair,Public
3476,Fair,Public
3477,Fair,Private
3478,Unknown,Private
3479,Fair,Private
3480,Unknown,Private
3481,Unknown,Private
3482,Fair,Private
3483,Unknown,Public
3484,Fair,Private
3485,Fair,Private
3486,Unknown,Private
3487,Unknown,Private
3488,Fair,Private
3489,Fair,Private
3490,Unknown,Private
3491,Unknown,Private
3492,Fair,Public
3493,Fair,Public
3494,Fair,Private
3495,Unknown,Private
3496,Fair,Public
3497,Unknown,Public
3498,Fair,Private
3499,Fair,Public
3500,Fair,Private
3501,Unknown,Public
3502,Fair,Public
3503,Fair,Private
3504,Unknown,Public
3505,Unknown,Private
3506,Unknown,Public
3507,Fair,Private
3508,Fair,Public
3509,Fair,Private
3510,Fair,Private
3511,Fair,Private
3512,Unknown,Public
3513,Fair,Public
3514,Fair,Public
3515,Unknown,Public
3516,Fair,Private
3517,Fair,Private
3518,Fair,Private
3519,Fair,Private
3520,Fair,Private
3521,Fair,Private
3522,Unknown,Private
3523,Fair,Private
3524,Fair,Private
3525,Fair,Private
3526,Unknown,Public
3527,Fair,Public
3528,Fair,Public
3529,Fair,Private
3530,Good,Private
3531,Unknown,Public
3532,Good,Private
3533,Unknown,Private
3534,Unknown,Private
3535,Fair,Private
3536,Fair,Private
3537,Fair,Private
3538,Unknown,Private
3539,Fair,Private
3540,Fair,Private
3541,Fair,Public
3542,Fair,Private
3543,Fair,Private
3544,Fair,Public
3545,Fair,Private
3546,Fair,Private
3547,Unknown,Private
3548,Fair,Private
3549,Unknown,Private
3550,Unknown,Public
3551,Fair,Private
3552,Unknown,Private
3553,Fair,Private
3554,Fair,Private
3555,Unknown,Private
3556,Fair,Private
3557,Fair,Private
3558,Fair,Private
3559,Fair,Private
3560,Fair,Private
3561,Unknown,Public
3562,Fair,Private
3563,Fair,Private
3564,Fair,Private
3565,Fair,Public
3566,Fair,Private
3567,Fair,Private
3568,Fair,Public
3569,Fair,Public
3570,Good,Private
3571,Fair,Private
3572,Fair,Public
3573,Fair,Public
3574,Fair,Public
3575,Fair,Private
3576,Fair,Private
3577,Fair,Private
3578,Fair,Public
3579,Unknown,Private
3580,Fair,Private
3581,Fair,Public
3582,Fair,Private
3583,Fair,Public
3584,Unknown,Private
3585,Unknown,Private
3586,Fair,Private
3587,Unknown,Public
3588,Unknown,Private
3589,Fair,Private
3590,Unknown,Public
3591,Unknown,Private
3592,Fair,Private
3593,Fair,Private
3594,Fair,Private
3595,Fair,Private
3596,Unknown,Private
3597,Fair,Private
3598,Unknown,Private
3599,Unknown,Private
3600,Unknown,Private
3601,Fair,Private
3602,Fair,Private
3603,Fair,Private
3604,Unknown,Private
3605,Fair,Private
3606,Fair,Public
3607,Fair,Private
3608,Fair,Public
3609,Fair,Public
3610,Unknown,Private
3611,Unknown,Private
3612,Unknown,Private
3613,Unknown,Public
3614,Unknown,Private
3615,Unknown,Private
3616,Fair,Private
3617,Fair,Public
3618,Fair,Public
3619,Fair,Private
3620,Fair,Private
3621,Fair,Private
3622,Unknown,Private
3623,Fair,Public
3624,Unknown,Private
3625,Fair,Private
3626,Unknown,Private
3627,Fair,Public
3628,Fair,Public
3629,Fair,Private
3630,Fair,Public
3631,Fair,Private
3632,Fair,Private
3633,Fair,Private
3634,Fair,Private
3635,Fair,Private
3636,Fair,Public
3637,Unknown,Private
3638,Fair,Private
3639,Fair,Private
3640,Fair,Private
3641,Fair,Public
3642,Fair,Private
3643,Fair,Private
3644,Fair,Public
3645,Unknown,Private
3646,Fair,Private
3647,Fair,Private
3648,Fair,Private
3649,Unknown,Public
3650,Unknown,Public
3651,Fair,Private
3652,Unknown,Public
3653,Fair,Private
3654,Unknown,Private
3655,Fair,Private
3656,Fair,Private
3657,Fair,Private
3658,Fair,Private
3659,Fair,Public
3660,Fair,Private
3661,Unknown,Private
3662,Fair,Private
3663,Fair,Private
3664,Fair,Private
3665,Fair,Private
3666,Fair,Public
3667,Fair,Private
3668,Unknown,Private
3669,Fair,Private
3670,Unknown,Private
3671,Fair,Private
3672,Good,Public
3673,Good,Private
3674,Fair,Private
3675,Unknown,Private
3676,Unknown,Private
3677,Fair,Private
3678,Unknown,Public
3679,Fair,Private
3680,Fair,Public
3681,Fair,Private
3682,Fair,Public
3683,Unknown,Private
3684,Fair,Private
3685,Fair,Private
3686,Unknown,Public
3687,Unknown,Private
3688,Unknown,Private
3689,Fair,Private
3690,Fair,Public
3691,Fair,Private
3692,Fair,Public
3693,Fair,Private
3694,Fair,Private
3695,Fair,Private
3696,Fair,Public
3697,Fair,Private
3698,Fair,Public
3699,Unknown,Private
3700,Fair,Private
3701,Fair,Private
3702,Fair,Private
3703,Fair,Public
3704,Fair,Public
3705,Unknown,Public
3706,Unknown,Public
3707,Fair,Private
3708,Unknown,Private
3709,Fair,Public
3710,Fair,Private
3711,Fair,Public
3712,Fair,Public
3713,Fair,Private
3714,Fair,Public
3715,Unknown,Private
3716,Fair,Private
3717,Unknown,Private
3718,Unknown,Private
3719,Fair,Private
3720,Fair,Private
3721,Fair,Public
3722,Fair,Public
3723,Fair,Private
3724,Fair,Private
3725,Unknown,Public
3726,Fair,Private
3727,Fair,Private
3728,Unknown,Private
3729,Fair,Private
3730,Unknown,Private
3731,Fair,Public
3732,Fair,Private
3733,Unknown,Private
3734,Unknown,Private
3735,Unknown,Private
3736,Fair,Private
3737,Fair,Public
3738,Unknown,Public
3739,Unknown,Private
3740,Fair,Public
3741,Fair,Public
3742,Fair,Public
3743,Fair,Private
3744,Unknown,Private
3745,Fair,Private
3746,Fair,Private
3747,Fair,Private
3748,Fair,Private
3749,Fair,Public
3750,Unknown,Public
3751,Fair,Public
3752,Fair,Private
3753,Fair,Private
3754,Fair,Private
3755,Fair,Private
3756,Fair,Private
3757,Fair,Private
3758,Fair,Private
3759,Fair,Public
3760,Fair,Private
3761,Unknown,Public
3762,Fair,Private
3763,Fair,Private
3764,Fair,Private
3765,Fair,Private
3766,Unknown,Private
3767,Fair,Private
3768,Fair,Private
3769,Fair,Private
3770,Fair,Private
3771,Fair,Public
3772,Fair,Private
3773,Fair,Public
3774,Fair,Private
3775,Fair,Public
3776,Fair,Public
3777,Fair,Private
3778,Unknown,Private
3779,Fair,Public
3780,Unknown,Private
3781,Unknown,Private
3782,Fair,Private
3783,Fair,Public
3784,Fair,Public
3785,Fair,Private
3786,Fair,Private
3787,Unknown,Private
3788,Unknown,Private
3789,Fair,Public
3790,Unknown,Private
3791,Fair,Private
3792,Fair,Private
3793,Good,Public
3794,Fair,Private
3795,Fair,Private
3796,Unknown,Private
3797,Unknown,Private
3798,Unknown,Private
3799,Fair,Private
3800,Fair,Private
3801,Fair,Public
3802,Fair,Public
3803,Fair,Public
3804,Fair,Private
3805,Fair,Public
3806,Unknown,Private
3807,Fair,Private
3808,Unknown,Private
3809,Fair,Private
3810,Fair,Private
3811,Fair,Private
3812,Unknown,Private
3813,Fair,Private
3814,Fair,Private
3815,Unknown,Private
3816,Fair,Private
3817,Fair,Public
3818,Unknown,Public
3819,Fair,Private
3820,Unknown,Private
3821,Fair,Private
3822,Fair,Public
3823,Unknown,Private
3824,Fair,Private
3825,Fair,Private
3826,Fair,Private
3827,Unknown,Private
3828,Fair,Public
3829,Fair,Private
3830,Fair,Private
3831,Fair,Public
3832,Fair,Public
3833,Unknown,Private
3834,Fair,Private
3835,Unknown,Private
3836,Fair,Public
3837,Fair,Private
3838,Fair,Public
3839,Fair,Private
3840,Unknown,Private
3841,Unknown,Private
3842,Fair,Private
3843,Unknown,Private
3844,Fair,Private
3845,Fair,Private
3846,Unknown,Public
3847,Fair,Private
3848,Unknown,Public
3849,Fair,Private
3850,Unknown,Private
3851,Unknown,Private
3852,Fair,Private
3853,Fair,Public
3854,Fair,Private
3855,Fair,Private
3856,Fair,Private
3857,Fair,Private
3858,Fair,Private
3859,Fair,Public
3860,Fair,Public
3861,Fair,Private
3862,Good,Private
3863,Fair,Public
3864,Fair,Private
3865,Fair,Public
3866,Fair,Private
3867,Fair,Private
3868,Unknown,Private
3869,Fair,Private
3870,Unknown,Private
3871,Fair,Private
3872,Unknown,Private
3873,Fair,Public
3874,Fair,Private
3875,Unknown,Private
3876,Fair,Private
3877,Unknown,Public
3878,Unknown,Private
3879,Unknown,Private
3880,Fair,Private
3881,Fair,Public
3882,Unknown,Public
3883,Fair,Private
3884,Fair,Public
3885,Unknown,Public
3886,Fair,Public
3887,Good,Private
3888,Unknown,Private
3889,Fair,Private
3890,Fair,Public
3891,Fair,Private
3892,Fair,Private
3893,Fair,Private
3894,Unknown,Public
3895,Fair,Public
3896,Fair,Private
3897,Fair,Public
3898,Fair,Private
3899,Fair,Public
3900,Fair,Private
3901,Fair,Private
3902,Fair,Public
3903,Fair,Private
3904,Unknown,Public
3905,Fair,Private
3906,Unknown,Private
3907,Fair,Private
3908,Unknown,Private
3909,Fair,Private
3910,Unknown,Private
3911,Unknown,Private
3912,Fair,Private
3913,Fair,Public
3914,Fair,Public
3915,Fair,Private
3916,Fair,Public
3917,Fair,Private
3918,Unknown,Private
3919,Good,Public
3920,Fair,Public
3921,Unknown,Private
3922,Unknown,Public
3923,Fair,Private
3924,Fair,Public
3925,Fair,Private
3926,Unknown,Private
3927,Fair,Private
3928,Unknown,Private
3929,Fair,Private
3930,Unknown,Public
3931,Fair,Private
3932,Fair,Private
3933,Fair,Private
3934,Fair,Private
3935,Fair,Private
3936,Unknown,Private
3937,Fair,Private
3938,Fair,Private
3939,Fair,Private
3940,Fair,Public
3941,Fair,Public
3942,Fair,Private
3943,Unknown,Private
3944,Fair,Private
3945,Fair,Private
3946,Fair,Private
3947,Fair,Private
3948,Fair,Private
3949,Fair,Private
3950,Fair,Private
3951,Unknown,Public
3952,Fair,Public
3953,Fair,Private
3954,Fair,Private
3955,Fair,Public
3956,Fair,Public
3957,Unknown,Private
3958,Unknown,Private
3959,Fair,Private
3960,Fair,Private
3961,Fair,Private
3962,Fair,Private
3963,Fair,Private
3964,Fair,Private
3965,Fair,Public
3966,Unknown,Private
3967,Fair,Private
3968,Unknown,Private
3969,Fair,Private
3970,Fair,Public
3971,Unknown,Private
3972,Fair,Private
3973,Fair,Public
3974,Fair,Private
3975,Fair,Public
3976,Fair,Private
3977,Fair,Private
3978,Unknown,Private
3979,Unknown,Private
3980,Fair,Public
3981,Fair,Public
3982,Fair,Private
3983,Fair,Private
3984,Fair,Public
3985,Fair,Public
3986,Fair,Private
3987,Fair,Private
3988,Fair,Private
3989,Good,Public
3990,Fair,Private
3991,Fair,Private
3992,Fair,Public
3993,Fair,Private
3994,Fair,Private
3995,Unknown,Private
3996,Fair,Private
3997,Fair,Private
3998,Fair,Private
3999,Fair,Private
4000,Fair,Private
4001,Unknown,Public
4002,Fair,Public
4003,Unknown,Private
4004,Fair,Private
4005,Fair,Private
4006,Unknown,Private
4007,Fair,Private
4008,Fair,Private
4009,Unknown,Private
4010,Unknown,Private
4011,Unknown,Private
4012,Fair,Private
4013,Fair,Private
4014,Fair,Private
4015,Fair,Private
4016,Fair,Public
4017,Fair,Public
4018,Unknown,Private
4019,Fair,Private
4020,Fair,Private
4021,Fair,Private
4022,Unknown,Private
4023,Unknown,Public
4024,Fair,Private
4025,Fair,Public
4026,Fair,Private
4027,Fair,Private
4028,Good,Public
4029,Fair,Private
4030,Fair,Private
4031,Unknown,Private
4032,Unknown,Private
4033,Fair,Public
4034,Fair,Private
4035,Fair,Public
4036,Fair,Public
4037,Good,Public
4038,Unknown,Private
4039,Unknown,Private
4040,Unknown,Public
4041,Fair,Private
4042,Fair,Private
4043,Unknown,Private
4044,Fair,Private
4045,Fair,Private
4046,Fair,Private
4047,Fair,Private
4048,Fair,Public
4049,Fair,Private
4050,Fair,Public
4051,Unknown,Private
4052,Fair,Public
4053,Fair,Private
4054,Fair,Public
4055,Fair,Private
4056,Fair,Public
4057,Fair,Private
4058,Unknown,Public
4059,Fair,Public
4060,Fair,Private
4061,Fair,Private
4062,Unknown,Public
4063,Fair,Private
4064,Fair,Public
4065,Unknown,Private
4066,Fair,Private
4067,Fair,Public
4068,Unknown,Private
4069,Fair,Public
4070,Fair,Private
4071,Fair,Private
4072,Unknown,Private
4073,Fair,Private
4074,Fair,Private
4075,Fair,Private
4076,Fair,Private
4077,Unknown,Private
4078,Fair,Public
4079,Unknown,Private
4080,Fair,Private
4081,Unknown,Private
4082,Unknown,Private
4083,Fair,Public
4084,Fair,Private
4085,Fair,Private
4086,Fair,Private
4087,Fair,Private
4088,Fair,Public
4089,Fair,Private
4090,Good,Public
4091,Fair,Private
4092,Fair,Private
4093,Good,Public
4094,Fair,Private
4095,Fair,Private
4096,Fair,Private
4097,Fair,Private
4098,Fair,Private
4099,Unknown,Private
4100,Unknown,Private
4101,Fair,Private
4102,Fair,Private
4103,Fair,Private
4104,Unknown,Private
4105,Unknown,Private
4106,Fair,Public
4107,Unknown,Private
4108,Unknown,Public
4109,Fair,Private
4110,Unknown,Private
4111,Unknown,Private
4112,Fair,Private
4113,Fair,Private
4114,Unknown,Private
4115,Unknown,Private
4116,Unknown,Public
4117,Fair,Private
4118,Unknown,Private
4119,Fair,Public
4120,Fair,Private
4121,Fair,Private
4122,Unknown,Private
4123,Fair,Public
4124,Fair,Public
4125,Unknown,Private
4126,Fair,Private
4127,Fair,Public
4128,Fair,Private
4129,Fair,Private
4130,Fair,Private
4131,Fair,Private
4132,Fair,Private
4133,Good,Private
4134,Unknown,Private
4135,Fair,Private
4136,Fair,Public
4137,Fair,Private
4138,Fair,Private
4139,Fair,Private
4140,Fair,Private
4141,Unknown,Private
4142,Fair,Private
4143,Good,Public
4144,Fair,Public
4145,Fair,Private
4146,Fair,Private
4147,Unknown,Private
4148,Unknown,Public
4149,Fair,Public
4150,Fair,Private
4151,Fair,Private
4152,Fair,Public
4153,Fair,Private
4154,Unknown,Private
4155,Unknown,Private
4156,Unknown,Private
4157,Pending review,Public
4158,Fair,Public
4159,Fair,Private
4160,Unknown,Private
4161,Fair,Private
4162,Fair,Private
4163,Unknown,Private
4164,Fair,Private
4165,Fair,Private
4166,Unknown,Private
4167,Fair,Private
4168,Unknown,Private
4169,Fair,Private
4170,Unknown,Private
4171,Fair,Public
4172,Unknown,Private
4173,Fair,Private
4174,Fair,Public
4175,Fair,Public
4176,Fair,Private
4177,Fair,Public
4178,Fair,Private
4179,Fair,Private
4180,Fair,Private
4181,Fair,Private
4182,Fair,Private
4183,Unknown,Private
4184,Unknown,Private
4185,Fair,Private
4186,Fair,Private
4187,Unknown,Private
4188,Fair,Private
4189,Fair,Public
4190,Fair,Public
4191,Fair,Public
4192,Unknown,Private
4193,Fair,Public
4194,Fair,Private
4195,Fair,Private
4196,Unknown,Private
4197,Fair,Private
4198,Unknown,Private
4199,Fair,Private
4200,Unknown,Public
4201,Fair,Private
4202,Unknown,Private
4203,Fair,Public
4204,Fair,Private
4205,Fair,Private
4206,Fair,Private
4207,Fair,Private
4208,Fair,Private
4209,Fair,Private
4210,Fair,Private
4211,Fair,Private
4212,Fair,Private
4213,Fair,Private
4214,Fair,Private
4215,Fair,Public
4216,Unknown,Private
4217,Unknown,Private
4218,Fair,Private
4219,Fair,Private
4220,Fair,Private
4221,Fair,Private
4222,Fair,Public
4223,Unknown,Public
4224,Unknown,Private
4225,Unknown,Public
4226,Unknown,Private
4227,Unknown,Private
4228,Unknown,Private
4229,Fair,Private
4230,Fair,Public
4231,Unknown,Private
4232,Fair,Private
4233,Fair,Public
4234,Fair,Private
4235,Fair,Private
4236,Unknown,Private
4237,Fair,Public
4238,Fair,Public
4239,Fair,Private
4240,Fair,Private
4241,Unknown,Private
4242,Fair,Public
4243,Fair,Private
4244,Fair,Private
4245,Fair,Public
4246,Fair,Private
4247,Fair,Private
4248,Fair,Private
4249,Unknown,Public
4250,Fair,Private
4251,Fair,Private
4252,Good,Private
4253,Fair,Private
4254,Fair,Private
4255,Fair,Private
4256,Fair,Public
4257,Fair,Private
4258,Fair,Private
4259,Fair,Private
4260,Fair,Private
4261,Unknown,Public
4262,Unknown,Private
4263,Unknown,Private
4264,Fair,Private
4265,Unknown,Private
4266,Fair,Private
4267,Fair,Private
4268,Fair,Public
4269,Fair,Public
4270,Fair,Private
4271,Fair,Public
4272,Fair,Private
4273,Fair,Private
4274,Fair,Private
4275,Fair,Private
4276,Unknown,Private
4277,Unknown,Private
4278,Fair,Private
4279,Unknown,Private
4280,Fair,Private
4281,Fair,Public
4282,Good,Private
4283,Fair,Private
4284,Fair,Private
4285,Fair,Private
4286,Fair,Public
4287,Unknown,Private
4288,Fair,Private
4289,Fair,Public
4290,Fair,Private
4291,Unknown,Private
4292,Fair,Private
4293,Fair,Public
4294,Fair,Private
4295,Fair,Private
4296,Fair,Private
4297,Fair,Private
4298,Unknown,Private
4299,Unknown,Private
4300,Fair,Private
4301,Fair,Public
4302,Unknown,Public
4303,Fair,Private
4304,Fair,Public
4305,Fair,Private
4306,Fair,Private
4307,Fair,Private
4308,Fair,Public
4309,Fair,Public
4310,Unknown,Private
4311,Unknown,Public
4312,Fair,Private
4313,Fair,Public
4314,Fair,Public
4315,Fair,Private
4316,Unknown,Public
4317,Fair,Private
4318,Fair,Private
4319,Fair,Private
4320,Unknown,Private
4321,Fair,Public
4322,Fair,Private
4323,Fair,Private
4324,Fair,Public
4325,Fair,Public
4326,Unknown,Private
4327,Fair,Public
4328,Unknown,Private
4329,Fair,Public
4330,Unknown,Private
4331,Unknown,Private
4332,Fair,Private
4333,Fair,Private
4334,Unknown,Private
4335,Unknown,Private
4336,Fair,Private
4337,Fair,Public
4338,Fair,Private
4339,Unknown,Private
4340,Unknown,Private
4341,Fair,Private
4342,Fair,Public
4343,Fair,Public
4344,Good,Private
4345,Fair,Private
4346,Fair,Public
4347,Fair,Private
4348,Fair,Public
4349,Unknown,Private
4350,Fair,Public
4351,Fair,Private
4352,Fair,Private
4353,Unknown,Public
4354,Fair,Private
4355,Unknown,Private
4356,Fair,Private
4357,Unknown,Private
4358,Fair,Private
4359,Fair,Private
4360,Fair,Private
4361,Fair,Private
4362,Fair,Public
4363,Fair,Private
4364,Fair,Private
4365,Fair,Private
4366,Fair,Private
4367,Fair,Private
4368,Fair,Private
4369,Fair,Private
4370,Unknown,Private
4371,Unknown,Private
4372,Unknown,Private
4373,Unknown,Private
4374,Fair,Private
4375,Unknown,Private
4376,Fair,Private
4377,Fair,Public
4378,Fair,Private
4379,Unknown,Private
4380,Fair,Private
4381,Fair,Private
4382,Fair,Private
4383,Fair,Private
4384,Fair,Public
4385,Fair,Private
4386,Fair,Public
4387,Fair,Private
4388,Unknown,Private
4389,Fair,Private
4390,Pending review,Private
4391,Fair,Private
4392,Fair,Private
4393,Fair,Private
4394,Fair,Public
4395,Fair,Public
4396,Fair,Private
4397,Unknown,Private
4398,Fair,Private
4399,Fair,Private
4400,Fair,Private
4401,Fair,Private
4402,Unknown,Private
4403,Fair,Private
4404,Good,Public
4405,Fair,Private
4406,Unknown,Public
4407,Fair,Private
4408,Unknown,Private
4409,Fair,Private
4410,Unknown,Private
4411,Fair,Private
4412,Fair,Private
4413,Good,Private
4414,Fair,Private
4415,Fair,Private
4416,Unknown,Private
4417,Fair,Private
4418,Fair,Private
4419,Unknown,Private
4420,Unknown,Private
4421,Fair,Public
4422,Unknown,Private
4423,Fair,Public
4424,Fair,Private
4425,Fair,Private
4426,Fair,Private
4427,Fair,Private
4428,Unknown,Private
4429,Unknown,Public
4430,Fair,Private
4431,Unknown,Private
4432,Unknown,Private
4433,Fair,Public
4434,Fair,Private
4435,Fair,Private
4436,Unknown,Private
4437,Unknown,Public
4438,Unknown,Public
4439,Fair,Private
4440,Fair,Public
4441,Fair,Public
4442,Unknown,Private
4443,Fair,Private
4444,Fair,Private
4445,Fair,Public
4446,Fair,Private
4447,Fair,Public
4448,Unknown,Private
4449,Fair,Public
4450,Good,Private
4451,Fair,Private
4452,Fair,Public
4453,Fair,Public
4454,Fair,Public
4455,Fair,Private
4456,Fair,Private
4457,Fair,Private
4458,Fair,Private
4459,Unknown,Private
4460,Unknown,Private
4461,Fair,Private
4462,Fair,Public
4463,Fair,Private
4464,Fair,Private
4465,Fair,Private
4466,Fair,Private
4467,Fair,Private
4468,Unknown,Public
4469,Fair,Public
4470,Fair,Public
4471,Fair,Public
4472,Fair,Private
4473,Fair,Private
4474,Fair,Private
4475,Fair,Private
4476,Unknown,Private
4477,Fair,Private
4478,Fair,Private
4479,Fair,Private
4480,Fair,Private
4481,Fair,Private
4482,Fair,Private
4483,Fair,Private
4484,Fair,Private
4485,Fair,Public
4486,Fair,Private
4487,Fair,Private
4488,Fair,Public
4489,Fair,Private
4490,Fair,Private
4491,Fair,Private
4492,Fair,Private
4493,Unknown,Public
4494,Unknown,Public
4495,Fair,Private
4496,Unknown,Private
4497,Unknown,Private
4498,Fair,Private
4499,Unknown,Private
4500,Fair,Private
4501,Fair,Private
4502,Unknown,Private
4503,Fair,Private
4504,Fair,Private
4505,Unknown,Private
4506,Fair,Public
4507,Unknown,Private
4508,Fair,Private
4509,Fair,Public
4510,Fair,Private
4511,Unknown,Private
4512,Fair,Private
4513,Unknown,Private
4514,Fair,Private
4515,Fair,Private
4516,Fair,Private
4517,Fair,Public
4518,Good,Private
4519,Unknown,Private
4520,Unknown,Public
4521,Fair,Private
4522,Unknown,Public
4523,Fair,Private
4524,Fair,Public
4525,Fair,Private
4526,Fair,Public
4527,Fair,Public
4528,Fair,Private
4529,Fair,Private
4530,Fair,Private
4531,Fair,Private
4532,Fair,Private
4533,Fair,Private
4534,Unknown,Private
4535,Fair,Private
4536,Unknown,Private
4537,Fair,Private
4538,Fair,Private
4539,Fair,Private
4540,Fair,Private
4541,Fair,Private
4542,Fair,Private
4543,Fair,Private
4544,Fair,Private
4545,Fair,Public
4546,Fair,Private
4547,Fair,Private
4548,Fair,Private
4549,Fair,Public
4550,Fair,Public
4551,Fair,Private
4552,Fair,Private
4553,Fair,Public
4554,Fair,Private
4555,Fair,Private
4556,Fair,Private
4557,Fair,Private
4558,Fair,Public
4559,Unknown,Public
4560,Fair,Public
4561,Unknown,Private
4562,Unknown,Public
4563,Unknown,Private
4564,Fair,Private
4565,Fair,Public
4566,Fair,Private
4567,Fair,Private
4568,Fair,Private
4569,Fair,Public
4570,Fair,Private
4571,Fair,Private
4572,Fair,Private
4573,Unknown,Public
4574,Unknown,Public
4575,Good,Private
4576,Unknown,Private
4577,Fair,Private
4578,Unknown,Public
4579,Unknown,Private
4580,Fair,Public
4581,Fair,Private
4582,Fair,Public
4583,Unknown,Public
4584,Fair,Private
4585,Fair,Public
4586,Fair,Private
4587,Fair,Private
4588,Fair,Private
4589,Unknown,Public
4590,Fair,Private
4591,Fair,Private
4592,Fair,Private
4593,Fair,Private
4594,Unknown,Private
4595,Fair,Private
4596,Fair,Public
4597,Fair,Private
4598,Unknown,Private
4599,Unknown,Private
4600,Fair,Private
4601,Fair,Public
4602,Unknown,Public
4603,Fair,Private
4604,Fair,Public
4605,Unknown,Public
4606,Fair,Public
4607,Fair,Private
4608,Fair,Public
4609,Fair,Private
4610,Unknown,Private
4611,Unknown,Private
4612,Fair,Private
4613,Unknown,Private
4614,Fair,Private
4615,Fair,Private
4616,Fair,Public
4617,Fair,Public
4618,Fair,Private
4619,Fair,Public
4620,Fair,Public
4621,Unknown,Public
4622,Fair,Private
4623,Fair,Private
4624,Fair,Public
4625,Fair,Private
4626,Unknown,Public
4627,Fair,Private
4628,Fair,Private
4629,Fair,Public
4630,Fair,Private
4631,Fair,Private
4632,Unknown,Public
4633,Fair,Public
4634,Unknown,Private
4635,Unknown,Public
4636,Fair,Private
4637,Fair,Private
4638,Unknown,Public
4639,Fair,Public
4640,Fair,Public
4641,Unknown,Private
4642,Unknown,Public
4643,Unknown,Private
4644,Unknown,Public
4645,Fair,Public
4646,Fair,Private
4647,Unknown,Private
4648,Fair,Public
4649,Unknown,Private
4650,Fair,Private
4651,Unknown,Public
4652,Fair,Private
4653,Fair,Public
4654,Fair,Public
4655,Fair,Private
4656,Fair,Public
4657,Unknown,Private
4658,Fair,Private
4659,Unknown,Public
4660,Unknown,Private
4661,Fair,Private
4662,Unknown,Private
4663,Fair,Public
4664,Unknown,Public
4665,Fair,Public
4666,Fair,Private
4667,Fair,Public
4668,Unknown,Private
4669,Fair,Private
4670,Fair,Private
4671,Good,Public
4672,Fair,Public
4673,Fair,Private
4674,Fair,Private
4675,Fair,Public
4676,Unknown,Private
4677,Unknown,Public
4678,Fair,Private
4679,Fair,Private
4680,Fair,Private
4681,Fair,Private
4682,Fair,Public
4683,Fair,Private
4684,Fair,Public
4685,Fair,Private
4686,Good,Private
4687,Unknown,Private
4688,Fair,Private
4689,Fair,Public
4690,Fair,Private
4691,Fair,Private
4692,Fair,Private
4693,Fair,Private
4694,Fair,Private
4695,Fair,Public
4696,Fair,Private
4697,Unknown,Private
4698,Fair,Private
4699,Fair,Public
4700,Fair,Private
4701,Fair,Private
4702,Good,Private
4703,Unknown,Private
4704,Fair,Private
4705,Fair,Private
4706,Fair,Public
4707,Fair,Private
4708,Unknown,Public
4709,Unknown,Private
4710,Fair,Private
4711,Fair,Private
4712,Fair,Private
4713,Fair,Public
4714,Fair,Private
4715,Fair,Private
4716,Fair,Private
4717,Fair,Public
4718,Fair,Private
4719,Fair,Public
4720,Fair,Private
4721,Fair,Private
4722,Fair,Private
4723,Fair,Private
4724,Fair,Private
4725,Unknown,Private
4726,Pending review,Public
4727,Unknown,Public
4728,Unknown,Public
4729,Fair,Private
4730,Unknown,Private
4731,Fair,Private
4732,Fair,Public
4733,Unknown,Public
4734,Unknown,Private
4735,Fair,Private
4736,Unknown,Private
4737,Unknown,Private
4738,Unknown,Private
4739,Fair,Private
4740,Fair,Public
4741,Fair,Private
4742,Fair,Private
4743,Fair,Public
4744,Unknown,Private
4745,Fair,Private
4746,Unknown,Private
4747,Fair,Private
4748,Unknown,Private
4749,Fair,Public
4750,Fair,Private
4751,Fair,Private
4752,Fair,Private
4753,Fair,Private
4754,Unknown,Public
4755,Unknown,Public
4756,Fair,Private
4757,Fair,Public
4758,Fair,Private
4759,Fair,Public
4760,Fair,Private
4761,Fair,Public
4762,Fair,Public
4763,Unknown,Private
4764,Unknown,Private
4765,Unknown,Public
4766,Fair,Public
4767,Fair,Private
4768,Fair,Public
4769,Fair,Private
4770,Fair,Private
4771,Unknown,Private
4772,Fair,Private
4773,Fair,Public
4774,Fair,Private
4775,Fair,Public
4776,Fair,Private
4777,Fair,Private
4778,Fair,Private
4779,Fair,Private
4780,Fair,Private
4781,Fair,Private
4782,Fair,Private
4783,Fair,Private
4784,Fair,Private
4785,Fair,Private
4786,Unknown,Public
4787,Unknown,Public
4788,Fair,Private
4789,Unknown,Private
4790,Unknown,Private
4791,Fair,Public
4792,Fair,Private
4793,Fair,Private
4794,Fair,Private
4795,Fair,Private
4796,Unknown,Private
4797,Unknown,Public
4798,Fair,Private
4799,Fair,Private
4800,Fair,Private
4801,Fair,Private
4802,Unknown,Public
4803,Unknown,Private
4804,Unknown,Public
4805,Fair,Private
4806,Fair,Private
4807,Unknown,Public
4808,Fair,Private
4809,Unknown,Public
4810,Fair,Private
4811,Unknown,Public
4812,Fair,Private
4813,Fair,Private
4814,Fair,Public
4815,Unknown,Public
4816,Unknown,Public
4817,Fair,Public
4818,Fair,Public
4819,Unknown,Private
4820,Fair,Private
4821,Fair,Private
4822,Unknown,Private
4823,Fair,Private
4824,Unknown,Private
4825,Good,Private
4826,Fair,Private
4827,Unknown,Private
4828,Unknown,Private
4829,Fair,Private
4830,Unknown,Public
4831,Fair,Public
4832,Fair,Private
4833,Fair,Private
4834,Fair,Private
4835,Fair,Private
4836,Fair,Private
4837,Fair,Private
4838,Unknown,Private
4839,Fair,Private
4840,Fair,Public
4841,Fair,Public
4842,Fair,Private
4843,Fair,Private
4844,Unknown,Private
4845,Fair,Private
4846,Fair,Public
4847,Fair,Private
4848,Fair,Public
4849,Fair,Private
4850,Fair,Public
4851,Fair,Private
4852,Fair,Public
4853,Fair,Private
4854,Fair,Private
4855,Unknown,Private
4856,Unknown,Private
4857,Unknown,Public
4858,Unknown,Public
4859,Good,Public
4860,Unknown,Private
4861,Fair,Public
4862,Fair,Private
4863,Unknown,Private
4864,Fair,Private
4865,Fair,Private
4866,Fair,Private
4867,Fair,Private
4868,Fair,Private
4869,Fair,Public
4870,Fair,Private
4871,Fair,Private
4872,Fair,Private
4873,Fair,Private
4874,Fair,Private
4875,Fair,Private
4876,Unknown,Private
4877,Fair,Private
4878,Fair,Private
4879,Fair,Public
4880,Fair,Private
4881,Fair,Private
4882,Fair,Public
4883,Fair,Private
4884,Fair,Private
4885,Fair,Public
4886,Fair,Private
4887,Good,Private
4888,Fair,Private
4889,Unknown,Private
4890,Fair,Private
4891,Fair,Private
4892,Unknown,Private
4893,Unknown,Private
4894,Fair,Private
4895,Fair,Private
4896,Unknown,Private
4897,Fair,Private
4898,Unknown,Private
4899,Fair,Public
4900,Fair,Private
4901,Fair,Private
4902,Fair,Private
4903,Fair,Private
4904,Unknown,Public
4905,Fair,Private
4906,Fair,Public
4907,Fair,Private
4908,Unknown,Public
4909,Fair,Private
4910,Fair,Public
4911,Fair,Private
4912,Unknown,Private
4913,Unknown,Private
4914,Fair,Private
4915,Fair,Public
4916,Fair,Private
4917,Fair,Private
4918,Unknown,Public
4919,Fair,Private
4920,Fair,Public
4921,Unknown,Public
4922,Fair,Private
4923,Fair,Public
4924,Fair,Private
4925,Fair,Private
4926,Fair,Private
4927,Fair,Private
4928,Fair,Public
4929,Unknown,Public
4930,Unknown,Private
4931,Unknown,Private
4932,Fair,Public
4933,Fair,Private
4934,Unknown,Private
4935,Fair,Private
4936,Fair,Public
4937,Fair,Private
4938,Unknown,Public
4939,Unknown,Public
4940,Fair,Private
4941,Fair,Private
4942,Unknown,Public
4943,Fair,Private
4944,Fair,Public
4945,Fair,Public
4946,Fair,Private
4947,Fair,Public
4948,Unknown,Public
4949,Fair,Public
4950,Unknown,Private
4951,Fair,Private
4952,Fair,Private
4953,Unknown,Private
4954,Fair,Private
4955,Fair,Public
4956,Fair,Private
4957,Fair,Private
4958,Unknown,Private
4959,Fair,Public
4960,Unknown,Private
4961,Fair,Private
4962,Fair,Private
4963,Fair,Public
4964,Fair,Private
4965,Fair,Private
4966,Fair,Public
4967,Fair,Public
4968,Fair,Public
4969,Unknown,Private
4970,Fair,Private
4971,Fair,Public
4972,Unknown,Private
4973,Fair,Public
4974,Fair,Private
4975,Unknown,Private
4976,Fair,Private
4977,Fair,Private
4978,Fair,Private
4979,Fair,Private
4980,Fair,Public
4981,Fair,Private
4982,Unknown,Private
4983,Fair,Public
4984,Fair,Private
4985,Fair,Private
4986,Fair,Public
4987,Fair,Private
4988,Fair,Public
4989,Unknown,Public
4990,Fair,Public
4991,Fair,Private
4992,Fair,Private
4993,Fair,Private
4994,Fair,Private
4995,Fair,Public
4996,Fair,Private
4997,Fair,Private
4998,Fair,Public
4999,Unknown,Private
5000,Fair,Private
5001,Fair,Private
5002,Fair,Public
5003,Fair,Private
5004,Fair,Public
5005,Unknown,Private
5006,Fair,Public
5007,Unknown,Public
5008,Unknown,Private
5009,Unknown,Private
5010,Fair,Private
5011,Fair,Public
5012,Good,Private
5013,Fair,Private
5014,Fair,Private
5015,Unknown,Private
5016,Unknown,Private
5017,Fair,Private
5018,Fair,Private
5019,Fair,Public
5020,Fair,Private
5021,Fair,Private
5022,Fair,Public
5023,Fair,Public
5024,Unknown,Public
5025,Fair,Private
5026,Unknown,Private
5027,Unknown,Private
5028,Fair,Public
5029,Fair,Private
5030,Fair,Private
5031,Fair,Private
5032,Fair,Private
5033,Fair,Private
5034,Fair,Private
5035,Unknown,Private
5036,Fair,Private
5037,Fair,Public
5038,Fair,Public
5039,Fair,Public
5040,Fair,Public
5041,Fair,Private
5042,Fair,Private
5043,Fair,Private
5044,Unknown,Private
5045,Fair,Private
5046,Fair,Private
5047,Unknown,Private
5048,Fair,Private
5049,Fair,Private
5050,Unknown,Private
5051,Fair,Public
5052,Unknown,Private
5053,Fair,Private
5054,Fair,Private
5055,Fair,Private
5056,Unknown,Private
5057,Fair,Private
5058,Fair,Private
5059,Unknown,Private
5060,Fair,Public
5061,Fair,Public
5062,Unknown,Private
5063,Fair,Private
5064,Fair,Public
5065,Unknown,Private
5066,Fair,Private
5067,Fair,Private
5068,Fair,Public
5069,Fair,Private
5070,Unknown,Private
5071,Fair,Public
5072,Fair,Private
5073,Fair,Private
5074,Unknown,Public
5075,Fair,Private
5076,Fair,Private
5077,Unknown,Private
5078,Good,Private
5079,Fair,Private
5080,Fair,Private
5081,Fair,Private
5082,Fair,Public
5083,Fair,Private
5084,Unknown,Private
5085,Fair,Private
5086,Fair,Public
5087,Fair,Private
5088,Pending review,Private
5089,Unknown,Private
5090,Fair,Private
5091,Unknown,Private
5092,Fair,Public
5093,Fair,Private
5094,Fair,Private
5095,Fair,Private
5096,Fair,Public
5097,Fair,Private
5098,Unknown,Private
5099,Unknown,Private
5100,Fair,Private
5101,Fair,Private
5102,Fair,Private
5103,Fair,Private
5104,Fair,Private
5105,Fair,Private
5106,Fair,Private
5107,Fair,Private
5108,Unknown,Public
5109,Unknown,Public
5110,Fair,Public
5111,Fair,Public
5112,Fair,Private
5113,Fair,Public
5114,Unknown,Private
5115,Fair,Private
5116,Good,Private
5117,Fair,Private
5118,Unknown,Public
5119,Fair,Private
5120,Fair,Private
5121,Fair,Public
5122,Unknown,Private
5123,Fair,Private
5124,Fair,Public
5125,Unknown,Private
5126,Fair,Private
5127,Fair,Private
5128,Fair,Private
5129,Fair,Public
5130,Fair,Private
5131,Fair,Private
5132,Fair,Private
5133,Fair,Private
5134,Fair,Public
5135,Fair,Private
5136,Fair,Private
5137,Fair,Private
5138,Fair,Private
5139,Fair,Public
5140,Fair,Private
5141,Fair,Private
5142,Unknown,Private
5143,Fair,Public
5144,Fair,Private
5145,Fair,Public
5146,Fair,Private
5147,Fair,Public
5148,Fair,Private
5149,Fair,Private
5150,Fair,Private
5151,Fair,Private
5152,Fair,Public
5153,Fair,Public
5154,Good,Private
5155,Fair,Private
5156,Fair,Private
5157,Unknown,Public
5158,Fair,Private
5159,Fair,Private
5160,Fair,Private
5161,Unknown,Private
5162,Unknown,Private
5163,Fair,Private
5164,Fair,Private
5165,Fair,Public
5166,Fair,Private
5167,Fair,Private
5168,Fair,Private
5169,Fair,Public
5170,Fair,Private
5171,Fair,Private
5172,Fair,Private
5173,Unknown,Private
5174,Fair,Private
5175,Unknown,Public
5176,Fair,Public
5177,Fair,Private
5178,Unknown,Private
5179,Fair,Public
5180,Fair,Private
5181,Unknown,Public
5182,Fair,Private
5183,Unknown,Public
5184,Fair,Public
5185,Unknown,Public
5186,Unknown,Private
5187,Fair,Private
5188,Fair,Public
5189,Fair,Private
5190,Unknown,Private
5191,Fair,Public
5192,Fair,Public
5193,Fair,Public
5194,Unknown,Private
5195,Fair,Public
5196,Fair,Public
5197,Fair,Private
5198,Fair,Private
5199,Fair,Private
5200,Fair,Private
5201,Fair,Public
5202,Unknown,Private
5203,Fair,Public
5204,Unknown,Public
5205,Fair,Private
5206,Unknown,Public
5207,Fair,Private
5208,Fair,Public
5209,Unknown,Private
5210,Fair,Public
5211,Fair,Private
5212,Fair,Private
5213,Fair,Public
5214,Fair,Private
5215,Fair,Private
5216,Fair,Private
5217,Fair,Public
5218,Fair,Private
5219,Fair,Private
5220,Fair,Private
5221,Fair,Private
5222,Fair,Private
5223,Fair,Private
5224,Fair,Private
5225,Fair,Private
5226,Fair,Private
5227,Fair,Public
5228,Fair,Private
5229,Fair,Private
5230,Fair,Private
5231,Fair,Private
5232,Fair,Public
5233,Unknown,Private
5234,Unknown,Private
5235,Unknown,Private
5236,Unknown,Private
5237,Fair,Private
5238,Fair,Private
5239,Fair,Private
5240,Unknown,Public
5241,Fair,Private
5242,Fair,Private
5243,Unknown,Public
5244,Fair,Public
5245,Fair,Private
5246,Fair,Public
5247,Fair,Public
5248,Fair,Private
5249,Fair,Private
5250,Unknown,Private
5251,Fair,Public
5252,Unknown,Private
5253,Unknown,Private
5254,Fair,Public
5255,Fair,Private
5256,Fair,Private
5257,Fair,Private
5258,Fair,Private
5259,Unknown,Public
5260,Fair,Private
5261,Unknown,Public
5262,Fair,Private
5263,Fair,Private
5264,Fair,Public
5265,Fair,Private
5266,Fair,Private
5267,Fair,Private
5268,Fair,Public
5269,Fair,Private
5270,Fair,Private
5271,Fair,Private
5272,Fair,Private
5273,Unknown,Public
5274,Fair,Private
5275,Fair,Private
5276,Fair,Private
5277,Fair,Private
5278,Fair,Public
5279,Fair,Private
5280,Fair,Public
5281,Fair,Private
5282,Fair,Private
5283,Fair,Public
5284,Fair,Private
5285,Fair,Public
5286,Fair,Public
5287,Unknown,Private
5288,Fair,Private
5289,Unknown,Public
5290,Fair,Private
5291,Fair,Private
5292,Fair,Private
5293,Fair,Private
5294,Unknown,Public
5295,Unknown,Private
5296,Fair,Private
5297,Fair,Private
5298,Fair,Private
5299,Fair,Private
5300,Fair,Public
5301,Good,Private
5302,Fair,Public
5303,Fair,Public
5304,Fair,Private
5305,Fair,Private
5306,Fair,Private
5307,Fair,Private
5308,Fair,Public
5309,Fair,Public
5310,Fair,Private
5311,Fair,Private
5312,Good,Public
5313,Fair,Public
5314,Fair,Private
5315,Fair,Private
5316,Fair,Private
5317,Fair,Public
5318,Fair,Private
5319,Fair,Private
5320,Unknown,Private
5321,Fair,Private
5322,Fair,Private
5323,Fair,Public
5324,Fair,Private
5325,Fair,Private
5326,Unknown,Private
5327,Unknown,Private
5328,Fair,Private
5329,Unknown,Private
5330,Unknown,Private
5331,Unknown,Private
5332,Fair,Private
5333,Fair,Private
5334,Fair,Public
5335,Unknown,Public
5336,Fair,Private
5337,Fair,Private
5338,Fair,Public
5339,Fair,Private
5340,Fair,Public
5341,Fair,Public
5342,Fair,Private
5343,Fair,Private
5344,Fair,Public
5345,Fair,Private
5346,Fair,Private
5347,Fair,Private
5348,Unknown,Private
5349,Fair,Private
5350,Fair,Public
5351,Fair,Public
5352,Fair,Private
5353,Fair,Private
5354,Fair,Private
5355,Unknown,Private
5356,Fair,Private
5357,Fair,Public
5358,Fair,Public
5359,Fair,Private
5360,Fair,Private
5361,Unknown,Private
5362,Fair,Private
5363,Fair,Private
5364,Unknown,Private
5365,Fair,Public
5366,Fair,Private
5367,Unknown,Private
5368,Unknown,Public
5369,Unknown,Private
5370,Fair,Private
5371,Fair,Private
5372,Unknown,Private
5373,Unknown,Public
5374,Fair,Private
5375,Fair,Public
5376,Fair,Private
5377,Unknown,Private
5378,Unknown,Public
5379,Unknown,Private
5380,Fair,Private
5381,Fair,Private
5382,Fair,Private
5383,Fair,Private
5384,Fair,Private
5385,Fair,Private
5386,Fair,Private
5387,Unknown,Public
5388,Fair,Private
5389,Unknown,Public
5390,Fair,Private
5391,Fair,Private
5392,Unknown,Public
5393,Fair,Private
5394,Unknown,Public
5395,Good,Private
5396,Unknown,Private
5397,Unknown,Private
5398,Fair,Private
5399,Fair,Public
5400,Unknown,Private
5401,Fair,Public
5402,Fair,Public
5403,Fair,Private
5404,Fair,Private
5405,Unknown,Public
5406,Unknown,Public
5407,Fair,Private
5408,Fair,Private
5409,Unknown,Private
5410,Fair,Private
5411,Fair,Private
5412,Unknown,Public
5413,Unknown,Private
5414,Unknown,Private
5415,Fair,Private
5416,Fair,Private
5417,Fair,Private
5418,Fair,Private
5419,Fair,Private
5420,Unknown,Private
5421,Fair,Private
5422,Fair,Public
5423,Fair,Private
5424,Unknown,Private
5425,Fair,Private
5426,Unknown,Public
5427,Fair,Private
5428,Fair,Private
5429,Unknown,Public
5430,Fair,Private
5431,Fair,Private
5432,Unknown,Private
5433,Fair,Private
5434,Fair,Private
5435,Fair,Public
5436,Unknown,Private
5437,Fair,Public
5438,Unknown,Private
5439,Unknown,Public
5440,Fair,Private
5441,Fair,Private
5442,Fair,Private
5443,Fair,Public
5444,Unknown,Private
5445,Fair,Private
5446,Fair,Private
5447,Unknown,Private
5448,Fair,Private
5449,Fair,Private
5450,Fair,Private
5451,Fair,Private
5452,Fair,Private
5453,Fair,Private
5454,Unknown,Public
5455,Fair,Private
5456,Fair,Private
5457,Fair,Private
5458,Fair,Public
5459,Fair,Public
5460,Unknown,Public
5461,Unknown,Private
5462,Pending review,Private
5463,Fair,Private
5464,Fair,Private
5465,Unknown,Private
5466,Fair,Public
5467,Fair,Public
5468,Fair,Public
5469,Fair,Private
5470,Fair,Private
5471,Fair,Private
5472,Unknown,Private
5473,Fair,Public
5474,Fair,Private
5475,Fair,Private
5476,Fair,Private
5477,Fair,Private
5478,Fair,Public
5479,Fair,Private
5480,Fair,Public
5481,Fair,Private
5482,Fair,Private
5483,Fair,Public
5484,Fair,Private
5485,Unknown,Public
5486,Fair,Private
5487,Fair,Private
5488,Fair,Private
5489,Unknown,Public
5490,Unknown,Private
5491,Fair,Public
5492,Unknown,Private
5493,Unknown,Private
5494,Fair,Private
5495,Unknown,Private
5496,Fair,Private
5497,Unknown,Public
5498,Unknown,Private
5499,Unknown,Private
5500,Unknown,Private
5501,Fair,Private
5502,Unknown,Private
5503,Fair,Private
5504,Unknown,Private
5505,Fair,Private
5506,Fair,Private
5507,Unknown,Private
5508,Unknown,Private
5509,Fair,Private
5510,Fair,Private
5511,Fair,Public
5512,Unknown,Public
5513,Fair,Public
5514,Fair,Private
5515,Fair,Public
5516,Fair,Public
5517,Unknown,Public
5518,Unknown,Private
5519,Fair,Private
5520,Fair,Public
5521,Fair,Private
5522,Unknown,Private
5523,Fair,Private
5524,Fair,Private
5525,Unknown,Private
5526,Fair,Private
5527,Fair,Private
5528,Fair,Private
5529,Unknown,Private
5530,Fair,Private
5531,Unknown,Private
5532,Fair,Private
5533,Unknown,Public
5534,Fair,Private
5535,Unknown,Private
5536,Fair,Private
5537,Fair,Public
5538,Fair,Private
5539,Fair,Private
5540,Fair,Private
5541,Fair,Private
5542,Unknown,Public
5543,Fair,Public
5544,Fair,Private
5545,Fair,Private
5546,Unknown,Private
5547,Unknown,Private
5548,Fair,Private
5549,Unknown,Private
5550,Unknown,Private
5551,Fair,Private
5552,Fair,Public
5553,Fair,Private
5554,Unknown,Public
5555,Fair,Public
5556,Fair,Private
5557,Fair,Public
5558,Fair,Private
5559,Unknown,Private
5560,Unknown,Private
5561,Unknown,Public
5562,Unknown,Private
5563,Unknown,Private
5564,Fair,Public
5565,Fair,Private
5566,Unknown,Private
5567,Fair,Public
5568,Fair,Public
5569,Fair,Public
5570,Unknown,Public
5571,Fair,Private
5572,Fair,Public
5573,Unknown,Private
5574,Unknown,Private
5575,Fair,Private
5576,Fair,Private
5577,Fair,Public
5578,Fair,Public
5579,Fair,Private
5580,Unknown,Private
5581,Fair,Private
5582,Fair,Public
5583,Fair,Public
5584,Fair,Private
5585,Fair,Private
5586,Fair,Private
5587,Fair,Private
5588,Fair,Public
5589,Fair,Private
5590,Fair,Private
5591,Unknown,Private
5592,Fair,Private
5593,Unknown,Public
5594,Unknown,Private
5595,Fair,Private
5596,Fair,Private
5597,Fair,Private
5598,Fair,Private
5599,Fair,Public
5600,Fair,Private
5601,Fair,Private
5602,Fair,Private
5603,Fair,Private
5604,Fair,Private
5605,Unknown,Private
5606,Unknown,Public
5607,Fair,Public
5608,Fair,Private
5609,Fair,Private
5610,Fair,Public
5611,Fair,Private
5612,Fair,Public
5613,Fair,Private
5614,Fair,Private
5615,Unknown,Public
5616,Fair,Public
5617,Fair,Private
5618,Fair,Private
5619,Unknown,Private
5620,Good,Private
5621,Fair,Public
5622,Fair,Public
5623,Fair,Public
5624,Fair,Private
5625,Unknown,Public
5626,Fair,Private
5627,Fair,Private
5628,Unknown,Private
5629,Fair,Private
5630,Fair,Public
5631,Unknown,Private
5632,Fair,Private
5633,Fair,Public
5634,Fair,Public
5635,Fair,Private
5636,Fair,Private
5637,Unknown,Public
5638,Fair,Private
5639,Fair,Private
5640,Fair,Private
5641,Fair,Public
5642,Fair,Private
5643,Good,Private
5644,Fair,Private
5645,Unknown,Private
5646,Fair,Private
5647,Fair,Public
5648,Fair,Private
5649,Fair,Private
5650,Unknown,Public
5651,Fair,Private
5652,Fair,Private
5653,Fair,Private
5654,Good,Private
5655,Fair,Private
5656,Fair,Private
5657,Fair,Public
5658,Unknown,Public
5659,Unknown,Private
5660,Fair,Private
5661,Fair,Private
5662,Unknown,Public
5663,Fair,Private
5664,Fair,Private
5665,Fair,Public
5666,Fair,Public
5667,Unknown,Public
5668,Fair,Private
5669,Fair,Public
5670,Fair,Public
5671,Fair,Private
5672,Fair,Private
5673,Unknown,Private
5674,Fair,Public
5675,Fair,Private
5676,Fair,Private
5677,Fair,Private
5678,Fair,Public
5679,Fair,Private
5680,Fair,Private
5681,Fair,Private
5682,Fair,Public
5683,Fair,Private
5684,Unknown,Private
5685,Unknown,Public
5686,Fair,Private
5687,Good,Public
5688,Good,Private
5689,Unknown,Private
5690,Unknown,Private
5691,Fair,Private
5692,Unknown,Private
5693,Fair,Private
5694,Good,Public
5695,Fair,Private
5696,Fair,Private
5697,Unknown,Private
5698,Fair,Public
5699,Fair,Private
5700,Fair,Private
5701,Fair,Private
5702,Fair,Private
5703,Fair,Private
5704,Unknown,Public
5705,Fair,Private
5706,Unknown,Public
5707,Unknown,Private
5708,Fair,Private
5709,Fair,Public
5710,Fair,Private
5711,Fair,Public
5712,Fair,Private
5713,Fair,Public
5714,Fair,Private
5715,Unknown,Private
5716,Unknown,Private
5717,Fair,Private
5718,Fair,Private
5719,Unknown,Private
5720,Fair,Private
5721,Unknown,Private
5722,Fair,Public
5723,Unknown,Private
5724,Fair,Private
5725,Unknown,Private
5726,Fair,Private
5727,Unknown,Private
5728,Unknown,Private
5729,Fair,Public
5730,Unknown,Public
5731,Fair,Private
5732,Fair,Private
5733,Fair,Private
5734,Fair,Private
5735,Unknown,Private
5736,Fair,Private
5737,Fair,Private
5738,Fair,Private
5739,Fair,Private
5740,Fair,Public
5741,Fair,Private
5742,Fair,Public
5743,Fair,Public
5744,Fair,Private
5745,Fair,Private
5746,Fair,Private
5747,Fair,Public
5748,Fair,Public
5749,Fair,Private
5750,Fair,Private
5751,Fair,Public
5752,Fair,Private
5753,Fair,Public
5754,Fair,Public
5755,Fair,Private
5756,Fair,Private
5757,Unknown,Private
5758,Fair,Private
5759,Fair,Private
5760,Unknown,Public
5761,Fair,Public
5762,Fair,Public
5763,Fair,Private
5764,Unknown,Public
5765,Fair,Public
5766,Unknown,Private
5767,Unknown,Private
5768,Fair,Private
5769,Fair,Public
5770,Unknown,Private
5771,Unknown,Public
5772,Fair,Private
5773,Fair,Public
5774,Fair,Private
5775,Fair,Private
5776,Fair,Private
5777,Fair,Private
5778,Fair,Public
5779,Pending review,Private
5780,Unknown,Private
5781,Fair,Private
5782,Unknown,Private
5783,Fair,Private
5784,Fair,Private
5785,Unknown,Public
5786,Unknown,Private
5787,Fair,Public
5788,Fair,Public
5789,Fair,Private
5790,Unknown,Private
5791,Unknown,Private
5792,Unknown,Public
5793,Fair,Public
5794,Unknown,Private
5795,Unknown,Public
5796,Fair,Private
5797,Fair,Public
5798,Fair,Public
5799,Fair,Private
5800,Fair,Private
5801,Unknown,Private
5802,Fair,Private
5803,Fair,Public
5804,Unknown,Private
5805,Unknown,Private
5806,Fair,Private
5807,Fair,Public
5808,Fair,Private
5809,Fair,Private
5810,Fair,Private
5811,Unknown,Public
5812,Unknown,Public
5813,Fair,Private
5814,Fair,Private
5815,Fair,Private
5816,Fair,Private
5817,Fair,Private
5818,Unknown,Public
5819,Fair,Private
5820,Fair,Public
5821,Fair,Private
5822,Fair,Public
5823,Fair,Public
5824,Unknown,Private
5825,Unknown,Private
5826,Unknown,Private
5827,Fair,Private
5828,Unknown,Private
5829,Unknown,Private
5830,Fair,Public
5831,Fair,Private
5832,Fair,Public
5833,Fair,Private
5834,Fair,Public
5835,Fair,Private
5836,Fair,Public
5837,Unknown,Private
5838,Fair,Private
5839,Fair,Private
5840,Fair,Private
5841,Unknown,Private
5842,Fair,Private
5843,Fair,Private
5844,Fair,Public
5845,Fair,Private
5846,Unknown,Private
5847,Unknown,Public
5848,Fair,Private
5849,Unknown,Private
5850,Fair,Private
5851,Unknown,Public
5852,Fair,Public
5853,Fair,Public
5854,Unknown,Private
5855,Fair,Public
5856,Unknown,Private
5857,Fair,Private
5858,Fair,Private
5859,Unknown,Private
5860,Unknown,Private
5861,Fair,Private
5862,Fair,Private
5863,Fair,Private
5864,Fair,Public
5865,Fair,Private
5866,Fair,Public
5867,Unknown,Private
5868,Unknown,Public
5869,Good,Private
5870,Unknown,Private
5871,Fair,Private
5872,Fair,Private
5873,Fair,Public
5874,Fair,Private
5875,Fair,Private
5876,Fair,Public
5877,Unknown,Private
5878,Fair,Private
5879,Fair,Private
5880,Unknown,Private
5881,Fair,Private
5882,Unknown,Private
5883,Fair,Public
5884,Fair,Private
5885,Fair,Private
5886,Fair,Private
5887,Unknown,Public
5888,Fair,Public
5889,Good,Private
5890,Fair,Public
5891,Fair,Private
5892,Fair,Public
5893,Fair,Public
5894,Fair,Private
5895,Fair,Private
5896,Fair,Public
5897,Unknown,Private
5898,Fair,Public
5899,Fair,Private
5900,Fair,Public
5901,Fair,Private
5902,Fair,Private
5903,Unknown,Private
5904,Fair,Private
5905,Fair,Private
5906,Fair,Private
5907,Fair,Public
5908,Unknown,Private
5909,Fair,Private
5910,Good,Public
5911,Fair,Public
5912,Fair,Public
5913,Fair,Private
5914,Unknown,Private
5915,Fair,Private
5916,Unknown,Public
5917,Fair,Private
5918,Fair,Public
5919,Unknown,Private
5920,Unknown,Private
5921,Unknown,Public
5922,Fair,Private
5923,Fair,Private
5924,Unknown,Private
5925,Fair,Public
5926,Fair,Public
5927,Fair,Private
5928,Fair,Private
5929,Fair,Public
5930,Fair,Private
5931,Fair,Private
5932,Fair,Private
5933,Unknown,Public
5934,Unknown,Private
5935,Unknown,Public
5936,Fair,Private
5937,Unknown,Private
5938,Unknown,Private
5939,Unknown,Private
5940,Fair,Private
5941,Unknown,Private
5942,Fair,Private
5943,Fair,Public
5944,Fair,Public
5945,Fair,Private
5946,Fair,Private
5947,Unknown,Private
5948,Unknown,Private
5949,Fair,Public
5950,Fair,Private
5951,Fair,Private
5952,Unknown,Public
5953,Unknown,Private
5954,Fair,Private
5955,Fair,Private
5956,Fair,Private
5957,Fair,Private
5958,Unknown,Public
5959,Fair,Public
5960,Fair,Private
5961,Unknown,Public
5962,Unknown,Private
5963,Unknown,Public
5964,Fair,Private
5965,Unknown,Public
5966,Fair,Public
5967,Fair,Private
5968,Fair,Public
5969,Unknown,Public
5970,Unknown,Public
5971,Fair,Private
5972,Fair,Public
5973,Fair,Public
5974,Fair,Public
5975,Fair,Public
5976,Unknown,Private
5977,Fair,Private
5978,Unknown,Private
5979,Fair,Private
5980,Fair,Public
5981,Fair,Private
5982,Fair,Public
5983,Fair,Private
5984,Fair,Private
5985,Unknown,Private
5986,Unknown,Private
5987,Fair,Public
5988,Unknown,Private
5989,Fair,Public
5990,Fair,Public
5991,Fair,Private
5992,Unknown,Private
5993,Unknown,Public
5994,Fair,Public
5995,Fair,Public
5996,Fair,Public
5997,Unknown,Public
5998,Fair,Private
5999,Fair,Private
